document_id,brand_name,model_name,knowledge_type,file_name,page_number,title,page_content
doosan-manual-01,doosan,D20/25/30/33S(SE)_7,manual,doosan_manual.pdf,6,매뉴얼 사용법,"{""text"": ""1-1 매뉴얼 사용법\n\n1-1-1 매뉴얼 구성\n\n본 정비지침서는 차량을 유지보수하기 위해 서비스 엔지니어 및 정비사가 숙지할 사항을 중심으로 제작한 것으로 여기에는 운전자(사용자)를 위한 취급설명서가 포함되어 있지 않습니다.\n\n정비지침서의 구성은 각 장의 도입부분에서 전반적인 이해를 위해 해당 기능의 전체를 구성품 중심으로 소개하고 있으며, 각 절에서는 구성품에 대한 회로도, 동작원리, 세부 점검사항, 그리고 정비를 위한 절차 및 고장수리 서비스에 필요한 데이터 및 정보를 설명과 함께 제시하고 있습니다.\n\n각 챕터별 목차 구성은 차량을 구성하고 있는 시스템단위로 구분함으로써 정비 작업 및 교육을 목적으로 필요한 부분을 쉽게 찾고 확인이 용이하도록 구성하였습니다.\n\n각 페이지의 구성을 보면, 좌수 페이지 우측 중앙에는 해당 챕터의 제목을 표시하여 현재 보고 있거나 찾고자 하는 시스템을 표시하였고, 하단 바닥글에는 해당챕터의 세부 섹션과 차량 모델명을 표시하여 보고 있는 페이지의 정보를 확인할 수 있도록 되어 있습니다.\n\n알림: 각 부품 제원표에 제시된 품번은 변동 가능성이 있으니 정확한 정보는 부품목록(Parts Book)에서 확인하십시오."", ""table"": [{""챕터"": ""1"", ""제목"": ""일반 사항""}, {""챕터"": ""2"", ""제목"": ""트랜스미션""}, {""챕터"": ""3"", ""제목"": ""드라이브 액슬""}, {""챕터"": ""4"", ""제목"": ""유압 시스템""}, {""챕터"": ""5"", ""제목"": ""리프트/틸트/보조동작 시스템""}, {""챕터"": ""6"", ""제목"": ""스티어링 시스템""}, {""챕터"": ""7"", ""제목"": ""브레이크 시스템""}, {""챕터"": ""8"", ""제목"": ""차체 및 기타 장치""}, {""챕터"": ""9"", ""제목"": ""회로도""}]}"
doosan-manual-02,doosan,D20/25/30/33S(SE)_7,manual,doosan_manual.pdf,7,매뉴얼 사용법,"{""text"": ""매뉴얼 페이지 구성 예\n\n3-5-3 디퍼런셜 캐리어 탈거/장착\n\n준비 단계\n1. 드라이브 액슬을 탈거합니다(섹션 3-3-4 참조).\n2. 적절한 지지대를 사용하여 드라이브 액슬을\n제자리에 고정합니다.\n\n디퍼런셜 캐리어 탈거\n1. 19mm 육각 소켓 렌치를 사용하여 볼트(2)를\n탈거합니다.\n2. 잭 볼트 2개를 풀렌치(3) 구멍에 끼웁니다.\n3. 잭 볼트를 조여 디퍼런셜 캐리어(5)를 액슬\n하우징(4)에서 분리합니다.\n4. 잭 볼트를 고리 볼트로 바꾸고 크레인을 거쳐\n디퍼런셜 캐리어(5)를 액슬 하우징(4)에서 탈거합니다.\n\n디퍼런셜 캐리어 장착\n1. 맞춤 핀을 풀렌치(3) 장착 면에 끼웁니다.\n2. 장착 면의 가름기를 제거하고 Loctite #17430을\n바릅니다.\n3. 구멍(1) 안에 고리 볼트를 끼우고 그 사이로 줄을 끼워\n디퍼런셜 캐리어(5)를 액슬 하우징(4)에서 탈거합니다.\n4. 볼트(2)를 끼우고 토크 115±15N·m이 되도록 조입니다."", ""table"": [{""필요 공구"": ""19mm 육각 소켓 렌치""}]}"
doosan-manual-03,doosan,D20/25/30/33S(SE)_7,manual,doosan_manual.pdf,8,매뉴얼 사용법,"{""text"": ""1-1-2 경고 라벨 정의\n\n본 정비지침서에서는 '위험', '경고', '주의'라는 세 가지 종류의 경고 라벨이 사용됩니다.\n\n각 라벨은 잠재 위험의 강도, 상태, 결과, 그리고 예방 절차 등을 설명하고 있습니다. 이러한 라벨은 정비지침서 전반에 사용되고 있으며, 사용자의 안전을 위해 숙독된 것이므로 이에 특별히 유의해야 합니다."", ""table"": [{""라벨"": ""위험"", ""설명"": ""위험은 피하지 않을 경우 사망 또는 중상 등의 치명적인 상태를 초래하게 될 가장 위험한 상황을 나타냅니다.""}, {""라벨"": ""경고"", ""설명"": ""경고는 피하지 않을 경우 사망 또는 중상 등의 치명적인 상태를 초래할 수도 있는 위험한 상황을 나타냅니다.""}, {""라벨"": ""주의"", ""설명"": ""주의는 피하지 않을 경우 상해로 가볍거나 그 이상의 부상을 입을 수 있는 위험한 상황을 나타냅니다.""}]}"
doosan-manual-04,doosan,D20/25/30/33S(SE)_7,manual,doosan_manual.pdf,9,용어 해설,"{""text"": ""1-2 용어 해설\n\n다음은 본 정비지침서에서 사용되는 용어에 대한 설명입니다."", ""table"": [{""용어(국문)"": ""U-조인트"", ""용어(영문)"": ""U-joint"", ""해설"": ""트랜스미션의 출력 샤프트를 드라이브 액슬로 연결하는 연결부""}, {""용어(국문)"": ""강철판"", ""용어(영문)"": ""Steel plate"", ""해설"": ""마찰 디스크를 앞 옆에서 압착함으로써 서비스 브레이크 기능을 작동시킨다.""}, {""용어(국문)"": ""니들 밸브"", ""용어(영문)"": ""Needle valve"", ""해설"": ""레버를 이용한 마스트 하강이 불가능할 때 수동으로 마스트를 하강시키기 위한 밸브""}, {""용어(국문)"": ""드라이브 액슬"", ""용어(영문)"": ""Drive axle"", ""해설"": ""드라이브 모터에서 구동력을 받는 차축""}, {""용어(국문)"": ""디퍼렌셜"", ""용어(영문)"": ""Differential"", ""해설"": ""드라이브 액슬 중앙에 위치한 기어로서 차량의 방향 전환시 바퀴가 각기 다른 속도로 돌게 하는 기어""}, {""용어(국문)"": ""로드 백레스트"", ""용어(영문)"": ""Load backrest"", ""해설"": ""캐리지 상단에 장착하여 고하중을 나를 때 운전자를 보호하는 대형 브라켓""}, {""용어(국문)"": ""리턴 필터"", ""용어(영문)"": ""Return filter"", ""해설"": ""작동유 탱크로 돌아가는 오일의 오염물을 거르는 필터""}, {""용어(국문)"": ""리프트 락 솔레노이드"", ""용어(영문)"": ""Lift lock solenoid"", ""해설"": ""운전자가 시트를 이석하면 리프트 레버의 기능을 불능 상태로 만드는 밸브""}, {""용어(국문)"": ""릴리프 밸브"", ""용어(영문)"": ""Relief valve"", ""해설"": ""설정값 이상의 가압 오일을 배출함으로써 유압 시스템의 압력을 제한하는 밸브""}, {""용어(국문)"": ""마스터 실린더"", ""용어(영문)"": ""Master cylinder"", ""해설"": ""서비스 브레이크 작동 시 유압을 공급하여 가압해주는 실린더""}, {""용어(국문)"": ""마스트"", ""용어(영문)"": ""Mast"", ""해설"": ""지게차 전면에서 신축함으로서 화물을 올리고 내리는 수직 구조물""}, {""용어(국문)"": ""마찰 디스크"", ""용어(영문)"": ""Friction disc"", ""해설"": ""나선형 기어에 스플라인으로 연결되어 강철판으로 압착되면 드라이브 액슬의 운동을 멈추는 서비스 브레이크 구성품""}, {""용어(국문)"": ""메인 유압펌프"", ""용어(영문)"": ""Main Hydraulic pump"", ""해설"": ""모터의 힘을 받아 작동유 탱크에 저장된 오일을 가압시켜 각종 유압 장치에 공급하는 기어 펌프""}, {""용어(국문)"": ""방향제어 밸브"", ""용어(영문)"": ""Directional valve"", ""해설"": ""내장된 스풀의 위치에 따라 오일의 방향을 정하는 밸브""}, {""용어(국문)"": ""배터리"", ""용어(영문)"": ""Battery"", ""해설"": ""전류를 공급하기 위해 서로 연결된 2개 이상의 전지""}, {""용어(국문)"": ""밸브"", ""용어(영문)"": ""Valve"", ""해설"": ""유압 시스템 내의 압력, 방향, 유속 또는 유량을 제어하는 부품""}, {""용어(국문)"": ""사이드 기어"", ""용어(영문)"": ""Side gear"", ""해설"": ""스파이더 기어와 맞물리는 기어""}, {""용어(국문)"": ""사이드시프터"", ""용어(영문)"": ""Sideshifter"", ""해설"": ""포크와 그 위 화물을 좌우로 움직일 수 있는 어태치먼트""}]}"
doosan-manual-05,doosan,D20/25/30/33S(SE)_7,manual,doosan_manual.pdf,10,용어 해설,"{""text"": """", ""table"": [{""용어(국문)"": ""서비스 브레이크"", ""용어(영문)"": ""Service brake"", ""해설"": ""운전자가 페달을 밟으면 차량을 정지시키는 제동 장치""}, {""용어(국문)"": ""솔레노이드 밸브"", ""용어(영문)"": ""Solenoid valve"", ""해설"": ""솔레노이드 코일이 전자기적으로 인가되었을 때 스풀의 위치가 전환되는 방향제어 밸브""}, {""용어(국문)"": ""스티어 액슬"", ""용어(영문)"": ""Steer axle"", ""해설"": ""앞 뒤에 스티어 휠이 장착되는 차축""}, {""용어(국문)"": ""스티어링 시스템"", ""용어(영문)"": ""Steering system"", ""해설"": ""스티어링 유닛, 라인 및 액추에이터로 구성된 유압 계통 장치 그룹""}, {""용어(국문)"": ""스티어링 유닛"", ""용어(영문)"": ""Steering unit"", ""해설"": ""운전자의 조작에 따라 스티어링 실린더의 좌우로 오일을 보내는 유압 기기""}, {""용어(국문)"": ""스티어링 컬럼"", ""용어(영문)"": ""Steering Column"", ""해설"": ""운전대와 스티어링 유닛을 연결시켜 운전자가 운전대를 이용하여 스티어링 유닛을 제어할 수 있도록 함""}, {""용어(국문)"": ""스파이더 기어"", ""용어(영문)"": ""Spider gear"", ""해설"": ""크라운 기어에 장착되며 방향 전환시 사이드 기어와 맞물려서 함께 연결된 축들이 독립적으로 돌게 한다.""}, {""용어(국문)"": ""실린더"", ""용어(영문)"": ""Cylinder"", ""해설"": ""유압력을 선형 운동으로 전환하는 작업기""}, {""용어(국문)"": ""압력"", ""용어(영문)"": ""Pressure"", ""해설"": ""단위 면적 당 유체의 힘""}, {""용어(국문)"": ""언로딩 밸브"", ""용어(영문)"": ""Unloading valve"", ""해설"": ""펌프에는 달려 있으나, 외부 압력이 스프링 설정 값에 도달하면 열리는 밸브""}, {""용어(국문)"": ""오리피스"", ""용어(영문)"": ""Orifice"", ""해설"": ""주어진 채널 내에서 유량을 제한하거나 압력을 발생시키기 위해 유압 회로 내에 설치된 좁은 경로(작은 전공 구멍 등).""}, {""용어(국문)"": ""오버헤드 가드"", ""용어(영문)"": ""Overhead guard"", ""해설"": ""물체가 떨어지는 것을 방지하여 운전자를 보호하는 머리 위 구조물""}, {""용어(국문)"": ""유량 보호기 밸브"", ""용어(영문)"": ""Flow protector valve"", ""해설"": ""유압 라인이 갑작스럽게 손상되었을 때 마스트가 급하강하지 않도록 컨트롤 밸브의 유량 회수를 차단하는 밸브""}, {""용어(국문)"": ""유량제어 밸브"", ""용어(영문)"": ""Flow control valve"", ""해설"": ""유압 시스템을 흐르는 유량을 조절하는 밸브""}, {""용어(국문)"": ""유성 기어 어셈블리"", ""용어(영문)"": ""Planetary gear ass'y"", ""해설"": ""선 기어를 중심으로 수개의 유성 기어가 회전하는 어셈블리""}, {""용어(국문)"": ""유압 시스템"", ""용어(영문)"": ""Hydraulic system"", ""해설"": ""유압을 나르는 유압 부품들의 회로""}, {""용어(국문)"": ""자연 침하"", ""용어(영문)"": ""Drift"", ""해설"": ""유압 회로 내 누유로 인한 실린더의 움직임""}, {""용어(국문)"": ""작동유 탱크"", ""용어(영문)"": ""Hydraulic tank"", ""해설"": ""유압 시스템용 오일을 저장하는 유조""}, {""용어(국문)"": ""작업기"", ""용어(영문)"": ""Actuator"", ""해설"": ""유압력을 기계력과 운동(유압 실린더와 모터 등)으로 전환한다.""}]}"
doosan-manual-06,doosan,D20/25/30/33S(SE)_7,manual,doosan_manual.pdf,11,용어 해설,"{""text"": """", ""table"": [{""용어(국문)"": ""전자제어 트랜스미션"", ""용어(영문)"": ""Electronic controlled transmission"", ""해설"": ""센서와 기타 장비로 수신한 데이터를 기반으로 자동 제어되는 트랜스미션""}, {""용어(국문)"": ""주차 브레이크"", ""용어(영문)"": ""Parking brake"", ""해설"": ""운전자가 레버를 넣으면 트랜스미션 내 입력 기어 조립체 주위의 밴드를 작동시켜 차량의 정지 상태를 유지하게 하는 제동 장치""}, {""용어(국문)"": ""차속제어장치"", ""용어(영문)"": ""Ground speed control"", ""해설"": ""트랜스미션 유압 오일의 압력을 감지하여 엔진 RPM으로 환산한 후 지정된 RPM을 초과하면 트랜스미션 등 부품 보호를 위해 주행방향 전환을 불가능하게 하는 장치""}, {""용어(국문)"": ""체크 밸브"", ""용어(영문)"": ""Check valve"", ""해설"": ""오일이 한 방향으로만 흐르도록 하는 밸브""}, {""용어(국문)"": ""카운터웨이트"", ""용어(영문)"": ""Counter weight"", ""해설"": ""지게차가 항상 안정을 유지하도록, 특히 고하중을 들어 올릴 때 안정을 유지하도록 지게차 뒤에 장착하는 무게추""}, {""용어(국문)"": ""캐리지"", ""용어(영문)"": ""Carriage"", ""해설"": ""포크가 장착되는 지지 구조물""}, {""용어(국문)"": ""캐비테이션 방지 밸브"", ""용어(영문)"": ""Anti-cavitation valve"", ""해설"": ""실린더 내 공동(cavitation) 현상을 방지하기 위한 밸브""}, {""용어(국문)"": ""컨트롤 밸브"", ""용어(영문)"": ""Control valve"", ""해설"": ""각각 작업기와 연결된 여러 개의 방향제어 밸브 블록으로 이루어진 밸브 장치""}, {""용어(국문)"": ""크라운 기어"", ""용어(영문)"": ""Crown gear"", ""해설"": ""디퍼렌셜 조립체 내에서 피니언 기어와 맞물려 돌아가는 큰 원형 기어""}, {""용어(국문)"": ""트랜스미션"", ""용어(영문)"": ""Transmission"", ""해설"": ""엔진에서 드라이브 액슬로 동력을 전달하는 장치""}, {""용어(국문)"": ""파일롯 압력"", ""용어(영문)"": ""Pilot pressure"", ""해설"": ""각종 유압 장치의 스풀에 인가하는 압력으로서 전환 시점을 위한 신호용으로 사용되며 일반적인 펌프 압력보다 낮음""}, {""용어(국문)"": ""포크"", ""용어(영문)"": ""Forks"", ""해설"": ""화물을 들어올리는 두 갈래의 물체""}, {""용어(국문)"": ""포트"", ""용어(영문)"": ""Port"", ""해설"": ""유압 장치의 입/출력 지점""}, {""용어(국문)"": ""피니언 기어"", ""용어(영문)"": ""Pinion gear"", ""해설"": ""디퍼렌셜 조립체 내에서 크라운 기어와 직각으로 회전하는 기어""}, {""용어(국문)"": ""피스톤"", ""용어(영문)"": ""Piston"", ""해설"": ""실린더실 내에서 오일을 미는 부품""}, {""용어(국문)"": ""필터"", ""용어(영문)"": ""Filter"", ""해설"": ""오염물이 시스템으로 유입되는 것을 방지하는 데 사용되는 여과 장치인 필터 엘리먼트를 포함하는 기계적 장치""}, {""용어(국문)"": ""하이드로스탯 밸브"", ""용어(영문)"": ""Hydrostat valve"", ""해설"": ""컨트롤 밸브의 압력 릴리프 량을 배가시키는 밸브""}, {""용어(국문)"": ""헬리컬 기어"", ""용어(영문)"": ""Helical gear"", ""해설"": ""대개 더 작은 기어와 평행으로 맞물리는 대각선 방향으로 비스듬한 톱니를 가진 기어""}, {""용어(국문)"": ""휠 허브 어셈블리"", ""용어(영문)"": ""Wheel hub ass'y"", ""해설"": ""클러치 팩(장착판과 마찰 디스크)을 담는 원통형 함체""}]}"
doosan-manual-07,doosan,D20/25/30/33S(SE)_7,manual,doosan_manual.pdf,12,차량 외관 및 주요 사양,"{""text"": ""1-3 차량 외관 및 주요 사양\nD20/25/30/33S-7\n\n오버헤드 가드, 전조등, 마스트, 운전대, 주차 브레이크 레버, 연료 캡, 스티어 휠, 포크,드라이브 휠\n\n후미등, 백레스트, 계기판, 유압 레버, 컨트롤 밸브, 작동유 탱크 커버"", ""table"": []}"
doosan-manual-08,doosan,D20/25/30/33S(SE)_7,manual,doosan_manual.pdf,13,차량 외관 및 주요 사양,"{""text"": ""D20/25/30/33SE-7\n\n오버헤드 가드, 마스트, 운전대, 전조등, 포크, 주차 브레이크 레버, 스티어링 휠, 드라이브 휠\n\n후미등, 백레스트,계기판,유압 레버, 작동유 탱크 커버, 컨트롤 밸브"", ""table"": []}"
doosan-manual-09,doosan,D20/25/30/33S(SE)_7,manual,doosan_manual.pdf,14,자량 외관 및 주요 사양,"{""table"":[{""특성"":""제조사"",""단위"":"""",""DOOSAN D20S(SE)-7 (D24NAP,TIER4)"":""DOOSAN"",""DOOSAN D25S(SE)-7 (D24NAP, TIER4)"":""DOOSAN""},{""특성"":""모델"",""단위"":"""",""DOOSAN D20S(SE)-7 (D24NAP,TIER4)"":""D20S(SE)-7 (D24NAP,TIER4)"",""DOOSAN D25S(SE)-7 (D24NAP, TIER4)"":""D25S(SE)-7 (D24NAP, TIER4)""},{""특성"":""용량"",""단위"":""정격하중 중심에서(kg)"",""DOOSAN D20S(SE)-7 (D24NAP,TIER4)"":2000,""DOOSAN D25S(SE)-7 (D24NAP, TIER4)"":2500},{""특성"":""하중중심"",""단위"":""거리(mm)"",""DOOSAN D20S(SE)-7 (D24NAP,TIER4)"":500,""DOOSAN D25S(SE)-7 (D24NAP, TIER4)"":500},{""특성"":""동력의 종류"",""단위"":"""",""DOOSAN D20S(SE)-7 (D24NAP,TIER4)"":""디젤"",""DOOSAN D25S(SE)-7 (D24NAP, TIER4)"":""디젤""},{""특성"":""운전석 유형"",""단위"":"""",""DOOSAN D20S(SE)-7 (D24NAP,TIER4)"":""착석형"",""DOOSAN D25S(SE)-7 (D24NAP, TIER4)"":""착석형""},{""특성"":""타이어 종류"",""단위"":""c=쿠션, p=공기식"",""DOOSAN D20S(SE)-7 (D24NAP,TIER4)"":""p"",""DOOSAN D25S(SE)-7 (D24NAP, TIER4)"":""p""},{""특성"":""휠 (X = 피동)"",""단위"":""수량, 전/후"",""DOOSAN D20S(SE)-7 (D24NAP,TIER4)"":""2/2"",""DOOSAN D25S(SE)-7 (D24NAP, TIER4)"":""2/2""},{""특성"":""STD 인상"",""단위"":""정격하중 최대 인상높이(mm)"",""DOOSAN D20S(SE)-7 (D24NAP,TIER4)"":3230,""DOOSAN D25S(SE)-7 (D24NAP, TIER4)"":3230},{""특성"":""2단 MAST"",""단위"":""자유인상(mm)"",""DOOSAN D20S(SE)-7 (D24NAP,TIER4)"":152,""DOOSAN D25S(SE)-7 (D24NAP, TIER4)"":152},{""특성"":""포크 캐리지"",""단위"":""ISO 등급"",""DOOSAN D20S(SE)-7 (D24NAP,TIER4)"":""II"",""DOOSAN D25S(SE)-7 (D24NAP, TIER4)"":""II""},{""특성"":""포크"",""단위"":""두께 X 폭 X 길이(mm)"",""DOOSAN D20S(SE)-7 (D24NAP,TIER4)"":""45x100x1000"",""DOOSAN D25S(SE)-7 (D24NAP, TIER4)"":""45x100x1000""},{""특성"":""포크"",""단위"":""포크간격 (최대 X 최소,mm)"",""DOOSAN D20S(SE)-7 (D24NAP,TIER4)"":""275x1035"",""DOOSAN D25S(SE)-7 (D24NAP, TIER4)"":""275x1035""},{""특성"":""MAST의 경사"",""단위"":""전경/후경(deg)"",""DOOSAN D20S(SE)-7 (D24NAP,TIER4)"":""6/10"",""DOOSAN D25S(SE)-7 (D24NAP, TIER4)"":""6/10""},{""특성"":""전체 치수"",""단위"":""포크면까지 길이(mm)"",""DOOSAN D20S(SE)-7 (D24NAP,TIER4)"":2530,""DOOSAN D25S(SE)-7 (D24NAP, TIER4)"":2595},{""특성"":""전체 치수"",""단위"":""폭(mm)"",""DOOSAN D20S(SE)-7 (D24NAP,TIER4)"":1170,""DOOSAN D25S(SE)-7 (D24NAP, TIER4)"":1170},{""특성"":""전체 치수"",""단위"":""MAST 하강시 높이(mm)"",""DOOSAN D20S(SE)-7 (D24NAP,TIER4)"":2175,""DOOSAN D25S(SE)-7 (D24NAP, TIER4)"":2175},{""특성"":""전체 치수"",""단위"":""MAST 연장시 높이(mm)"",""DOOSAN D20S(SE)-7 (D24NAP,TIER4)"":4490,""DOOSAN D25S(SE)-7 (D24NAP, TIER4)"":4490},{""특성"":""전체 치수"",""단위"":""오버헤드가드 높이(mm)"",""DOOSAN D20S(SE)-7 (D24NAP,TIER4)"":2183,""DOOSAN D25S(SE)-7 (D24NAP, TIER4)"":2183},{""특성"":""전체 치수"",""단위"":""시트 높이(mm)"",""DOOSAN D20S(SE)-7 (D24NAP,TIER4)"":1066,""DOOSAN D25S(SE)-7 (D24NAP, TIER4)"":1066},{""특성"":""바깥쪽 선회반경"",""단위"":""(mm)"",""DOOSAN D20S(SE)-7 (D24NAP,TIER4)"":2220,""DOOSAN D25S(SE)-7 (D24NAP, TIER4)"":2265},{""특성"":""로드모멘트콘스탄트"",""단위"":""(mm)"",""DOOSAN D20S(SE)-7 (D24NAP,TIER4)"":485,""DOOSAN D25S(SE)-7 (D24NAP, TIER4)"":485},{""특성"":""최소 적부통로폭"",""단위"":""(mm)"",""DOOSAN D20S(SE)-7 (D24NAP,TIER4)"":2705,""DOOSAN D25S(SE)-7 (D24NAP, TIER4)"":2750},{""특성"":""최소직각통로폭"",""단위"":""(mm)"",""DOOSAN D20S(SE)-7 (D24NAP,TIER4)"":1970,""DOOSAN D25S(SE)-7 (D24NAP, TIER4)"":2000},{""특성"":""속도"",""단위"":""주행, 하중/무하중(km/hr)"",""DOOSAN D20S(SE)-7 (D24NAP,TIER4)"":""20/22"",""DOOSAN D25S(SE)-7 (D24NAP, TIER4)"":""20/22""},{""특성"":""속도"",""단위"":""인상, 하중/무하중(mm/s)"",""DOOSAN D20S(SE)-7 (D24NAP,TIER4)"":""530/580"",""DOOSAN D25S(SE)-7 (D24NAP, TIER4)"":""520/580""},{""특성"":""속도"",""단위"":""하강, 하중/무하중(mm/s)"",""DOOSAN D20S(SE)-7 (D24NAP,TIER4)"":""500/450"",""DOOSAN D25S(SE)-7 (D24NAP, TIER4)"":""500/450""},{""특성"":""견인력"",""단위"":""1.6 km/h, 하중상태(kg)"",""DOOSAN D20S(SE)-7 (D24NAP,TIER4)"":1790,""DOOSAN D25S(SE)-7 (D24NAP, TIER4)"":1790},{""특성"":""등판능력"",""단위"":""1.6 km/h, 하중상태(%)"",""DOOSAN D20S(SE)-7 (D24NAP,TIER4)"":33,""DOOSAN D25S(SE)-7 (D24NAP, TIER4)"":28},{""특성"":""가속"",""단위"":""시간이 최대 속도에 도달 하중/무하중 (sec)"",""DOOSAN D20S(SE)-7 (D24NAP,TIER4)"":"""",""DOOSAN D25S(SE)-7 (D24NAP, TIER4)"":""""},{""특성"":""총중량"",""단위"":""총중량(kg)"",""DOOSAN D20S(SE)-7 (D24NAP,TIER4)"":3750,""DOOSAN D25S(SE)-7 (D24NAP, TIER4)"":4124},{""특성"":""축하중"",""단위"":""하중 상태, 전/후(kg)"",""DOOSAN D20S(SE)-7 (D24NAP,TIER4)"":""5028/722"",""DOOSAN D25S(SE)-7 (D24NAP, TIER4)"":""5751/873""},{""특성"":""축하중"",""단위"":""무하중 상태, 전/후(kg)"",""DOOSAN D20S(SE)-7 (D24NAP,TIER4)"":""1816/1934"",""DOOSAN D25S(SE)-7 (D24NAP, TIER4)"":""1736/2388""},{""특성"":""샤시"",""단위"":""수량, 전/후"",""DOOSAN D20S(SE)-7 (D24NAP,TIER4)"":""2/2"",""DOOSAN D25S(SE)-7 (D24NAP, TIER4)"":""2/2""},{""특성"":""타이어"",""단위"":""전 사이즈"",""DOOSAN D20S(SE)-7 (D24NAP,TIER4)"":""7.00x15-12"",""DOOSAN D25S(SE)-7 (D24NAP, TIER4)"":""7.00x15-12""},{""특성"":""타이어"",""단위"":""후 사이즈"",""DOOSAN D20S(SE)-7 (D24NAP,TIER4)"":""6.50x10-10"",""DOOSAN D25S(SE)-7 (D24NAP, TIER4)"":""6.50x10-10""},{""특성"":""축간거리"",""단위"":""축간거리(mm)"",""DOOSAN D20S(SE)-7 (D24NAP,TIER4)"":1625,""DOOSAN D25S(SE)-7 (D24NAP, TIER4)"":1625},{""특성"":""윤간거리"",""단위"":""전/후(mm)"",""DOOSAN D20S(SE)-7 (D24NAP,TIER4)"":""975/1000"",""DOOSAN D25S(SE)-7 (D24NAP, TIER4)"":""975/1000""},{""특성"":""최저 지상고"",""단위"":""하중 상태, 최저점 기준(mm)"",""DOOSAN D20S(SE)-7 (D24NAP,TIER4)"":115,""DOOSAN D25S(SE)-7 (D24NAP, TIER4)"":115},{""특성"":""최저 지상고"",""단위"":""하중 상태, 축간거리 중심 기준(mm)"",""DOOSAN D20S(SE)-7 (D24NAP,TIER4)"":143,""DOOSAN D25S(SE)-7 (D24NAP, TIER4)"":143},{""특성"":""상용브레이크"",""단위"":"""",""DOOSAN D20S(SE)-7 (D24NAP,TIER4)"":""발/유압식"",""DOOSAN D25S(SE)-7 (D24NAP, TIER4)"":""발/유압식""},{""특성"":""주차브레이크"",""단위"":"""",""DOOSAN D20S(SE)-7 (D24NAP,TIER4)"":""손/기계식"",""DOOSAN D25S(SE)-7 (D24NAP, TIER4)"":""손/기계식""},{""특성"":""배터리"",""단위"":""전압/용량(V/AH)"",""DOOSAN D20S(SE)-7 (D24NAP,TIER4)"":""12/85"",""DOOSAN D25S(SE)-7 (D24NAP, TIER4)"":""12/85""},{""특성"":""배터리"",""단위"":""제조자/모델"",""DOOSAN D20S(SE)-7 (D24NAP,TIER4)"":""DI/D24NAP"",""DOOSAN D25S(SE)-7 (D24NAP, TIER4)"":""DI/D24NAP""},{""특성"":""엔진"",""단위"":""정격출력( rpm 에서) (kw(hp))"",""DOOSAN D20S(SE)-7 (D24NAP,TIER4)"":""45.6(62)/2200"",""DOOSAN D25S(SE)-7 (D24NAP, TIER4)"":""45.6(62)/2200""},{""특성"":""엔진"",""단위"":""최대토크( rpm 에서) (N-m(lb*ft))"",""DOOSAN D20S(SE)-7 (D24NAP,TIER4)"":""262(193)/1600"",""DOOSAN D25S(SE)-7 (D24NAP, TIER4)"":""262(193)/1600""},{""특성"":""엔진"",""단위"":""사이클/실린더/배기량(cc)"",""DOOSAN D20S(SE)-7 (D24NAP,TIER4)"":""4/4/2392"",""DOOSAN D25S(SE)-7 (D24NAP, TIER4)"":""4/4/2392""},{""특성"":""변속기"",""단위"":""형식"",""DOOSAN D20S(SE)-7 (D24NAP,TIER4)"":""파워 시프트"",""DOOSAN D25S(SE)-7 (D24NAP, TIER4)"":""파워 시프트""},{""특성"":""변속기"",""단위"":""변속단수, 전진/후진"",""DOOSAN D20S(SE)-7 (D24NAP,TIER4)"":""1/1"",""DOOSAN D25S(SE)-7 (D24NAP, TIER4)"":""1/1""},{""특성"":""운영 압력"",""단위"":""시스템/부속 장비 (bar)"",""DOOSAN D20S(SE)-7 (D24NAP,TIER4)"":""181/156"",""DOOSAN D25S(SE)-7 (D24NAP, TIER4)"":""195/156""},{""특성"":""소음 수준"",""단위"":""운전자의 귀에 연속 음압 수준(Leq)과 동일(DHI: BITA/CE prEN 12053) (dB(A))"",""DOOSAN D20S(SE)-7 (D24NAP,TIER4)"":"""",""DOOSAN D25S(SE)-7 (D24NAP, TIER4)"":""""}]}"
doosan-manual-10,doosan,D20/25/30/33S(SE)_7,manual,doosan_manual.pdf,15,차량 외관 및 주요 사양,"{""text"": ""{\n  \""text\"": \""1-4 안전수칙\n\n다음은 안전에 대한 일반사항, 개인 및 정비 안전, 그리고 압축공기, 유압, 기계, 전기, 화재 및 화상 관련 위험이라는 위험 단원으로 구성되어 있습니다. 각 제목 아래에는 차량을 작동할 때 안전을 보장하기 위해 취해야 하는 예방책이 설명되어 있습니다.\n\n서비스 엔지니어 및 정비사는 아래에 설명된 모든 예방책을 숙독하고 절차 및 지침에 따라 정확하게 실행하여야 합니다.\n\n아래에 설명된 안전 지침은 서비스 엔지니어 및 정비사는 물론 주변 사람들을 위한 것이기도 합니다. 따라서, 자신의 안전과 주변 사람들의 안전을 위해 다음의 사항을 준수하여야 합니다.\n\n일반사항\n\n안전 관련 참고 사항\n\n• 차량에 부착되어 있는 안전표시 내용(경고 표지 및 라벨)을 즉각 파악하고 숙지하십시오. 여기에는 경고판, 스티커, 각인 등이 포함됩니다. 차량의 작동, 운휠 또는 수리 작업에 앞서 반드시 이러한 지침(위험설명서의 '안전편' 참조)을 확인하여야 합니다.\n\n• 본 정비지침서 전반에 언급하고 있는 잠재적인 위험 상황을 알리는 위험 경고 내용에 유의하십시오. 정비 작업을 실시할 때는 안전에 관한 모든 규칙, 규정 및 지침을 반드시 준수해야 합니다.\n\n• 과거 유사 모델을 정비하면서 경험한 정비사항을 그대로 본 정비지침서에 나와 있는 절차를 수행할 수 있을 것이라고 가정하지 마십시오. 중량과 규격은 본 모델에 특정된 사항이므로 위험한 상황, 신체적 상해, 구성품의 손상을 피하기 위해 신중을 기해야 합니다.\"",\n  \""images\"": [\n    {\n      \""caption\"": \""그림 1-7\"",\n      \""description\"": \""차량 내부의 안전 표시나 경고 라벨을 보여주는 이미지\""\n    },\n    {\n      \""caption\"": \""그림 1-8\"",\n      \""description\"": \""차량의 외부 거울과 운전석 부분을 보여주는 이미지\""\n    }\n  ]\n}"", ""table"": []}"
doosan-manual-11,doosan,D20/25/30/33S(SE)_7,manual,doosan_manual.pdf,16,안전수칙,"{""text"": ""1-4 안전수칙\n\n다음은 안전에 대한 일반사항, 개인 및 정비 안전, 그리고 압축공기, 유압, 기계, 전기, 화재 및 화상 관련 위험이라는 위험 단원으로 구성되어 있습니다. 각 제목 아래에는 차량을 작동할 때 안전을 보장하기 위해 취해야 하는 예방책이 설명되어 있습니다.\n\n서비스 엔지니어 및 정비사는 아래에 설명된 모든 예방책을 숙독하고 절차 및 지침에 따라 정확하게 실행하여야 합니다.\n\n아래에 설명된 안전 지침은 서비스 엔지니어 및 정비사는 물론 주변 사람들을 위한 것이기도 합니다. 따라서, 자신의 안전과 주변 사람들의 안전을 위해 다음의 사항을 준수하여야 합니다.\n\n일반사항\n\n안전 관련 참고 사항\n\n• 차량에 부착되어 있는 안전표시 내용(경고 표지 및 라벨)을 즉각 파악하고 숙지하십시오. 여기에는 경고판, 스티커, 각인 등이 포함됩니다. 차량의 작동, 운휠 또는 수리 작업에 앞서 반드시 이러한 지침(위험설명서의 '안전편' 참조)을 확인하여야 합니다.\n\n• 본 정비지침서 전반에 언급하고 있는 잠재적인 위험 상황을 알리는 위험 경고 내용에 유의하십시오. 정비 작업을 실시할 때는 안전에 관한 모든 규칙, 규정 및 지침을 반드시 준수해야 합니다.\n\n• 과거 유사 모델을 정비하면서 경험한 정비사항을 그대로 본 정비지침서에 나와 있는 절차를 수행할 수 있을 것이라고 가정하지 마십시오. 중량과 규격은 본 모델에 특정된 사항이므로 위험한 상황, 신체적 상해, 구성품의 손상을 피하기 위해 신중을 기해야 합니다."",""images"": [{""caption"": ""그림 1-7"",""description"": ""차량 내부의 안전 표시나 경고 라벨을 보여주는 이미지""},{""caption"": ""그림 1-8"",""description"": ""차량의 외부 거울과 운전석 부분을 보여주는 이미지""}]}"
doosan-manual-12,doosan,D20/25/30/33S(SE)_7,manual,doosan_manual.pdf,17,안전수칙,"{""text"": ""{\""개인 안전\"": {\""작업에 맞는 자격\"": [\""권한이 없는 사람이나 운전 및 정비 교육을 이수하지 않은 미숙련자는 차량을 작동하거나 정비작업을 해서는 안됩니다.\"", \""판단력을 흐리게 하는 약물 복용 또는 음주 후에는 차량을 작동하거나 정비작업을 해서는 안됩니다.\"", \""신체적으로 움직임에 제한되는 육체적인 병이 있다면 차량을 작동하거나 정비작업을 해서는 안됩니다.\""], \""작업복\"": [\""헐렁한 옷을 입고 있거나 머리카락이 긴 상태로 튀지 않았다면 차량을 작동하거나 정비작업을 해서는 안됩니다. 이는 움직이는 부품에 말려 들어가 심각한 부상을 초래할 수 있습니다.\"", \""안전모, 보안경/마스크, 방음용 귀마개, 보호 장갑, 보호 신발 등 작업 절차에 적합한 정비용 보호복 및 장구를 착용합니다.\"", \""장치 또는 어태치먼트의 어떤 부분이라도 망치나 대형 해머로 두드릴 때는 반드시 보안경/마스크를 착용합니다.\"", \""차량 차체를 연마할 때는 마스크를 착용하고, 도장작업을 할 때는 공기가 공급되는 호흡기구를 착용해야 합니다.\"", \""용접을 할 때는 용접 보호장갑, 용접용 마스크 및 보안경, 앞치마 및 기타 적합한 용접 장구를 착용합니다.\""]}, \""정비 안전\"": {\""정비에 앞서\"": [\""정비할 차량 주변이 다른 차량이나 사람의 통행이 드문 정결하고 개방된 장소인지를 확인합니다.\"", \""차량을 안전하고 완전하게 주차하여 작업 도중에 차량의 이동이나 미끄러짐이 없도록 바퀴 밑위로 고임목으로 고이고, 주차 브레이크가 정상적으로 작동되어 있는지를 반드시 확인합니다.\""]}}"", ""table"": []}"
doosan-manual-13,doosan,D20/25/30/33S(SE)_7,manual,doosan_manual.pdf,18,안전수칙,"{""text"": ""차량을 정비하려면 미적재 미탑승 상태에 포크가 바닥에 닿을 때까지 마스트를 앞쪽으로 기울여 내리고, 모든 유압 제어장치를 중립 위치에 놓고, 시동 키를 뽑습니다. 이때 '운전하지 마시오'와 같은 경고 표지판가 부착되어 있는지도 확인합니다.\n\n공구의 상태가 양호하고 올바르게 작동되는지 확인합니다.\n\n승차 및 하차\n\n차량에 승하차기 전에 계단, 보도 또는 작업 플랫폼에서 진흙이나 이물질을 제거합니다.\n\n계단, 사다리 또는 보도를 이용해서 승하차 할 때는 차량 정면을 바라본 상태에서 승하차를 하도록 합니다.\n\n차량에 승하차 할 때는 계단을 사용하고 손잡이를 잡으십시오. 계단을 사용할 수 없다면 사다리, 발판 또는 작업 플랫폼을 이용해서 수리 작업을 안전한 상태에서 진행합니다.\n\n무거운 부품을 들 때\n\n각 부품을 분리하기 전에 해당 부품의 중량을 확인하십시오. 이 차량의 일부 부품은 중량이 있어 잘못 취급하면 심각한 부상을 초래할 수도 있습니다.\n\n부품을 분리하기 위해 구성품을 들어올릴 경우에는 적합한 절차와 기구를 사용합니다.\n\n부상을 입지 않도록 23kg 이상의 구성품을 들어올릴 때는 호이스트를 사용하십시오. 모든 체인, 후크, 슬링 등의 상태가 양호하고 용량이 적절한지 확인합니다. 후크는 반드시 올바른 위치에 배치합니다. 들어올리는 작업 중 리프팅 아이에 가로하중이 가해져서는 안됩니다.\n\n석면\n\n브레이크 패드, 브레이크 밴드 및 라이닝 조립품, 클러치 플레이트 및 일부 가스켓에는 석면이 포함될 수도 있습니다.\n\n이러한 부품에 사용되는 석면은 일반적으로 수지으로 결합되어 있거나 어떤 방법으로는 밀봉되어 있습니다. 석면이 함유된 부품 분진이 발생하지 않는 한 일반적인 방법으로 취급하면 위험하지 않습니다."",""images"": [{""description"": ""A simple illustration of a mobile phone or device with Korean text on the screen."",""caption"": ""그림 1-12""},{""description"": ""An illustration of a person operating a forklift, showing proper safety procedures."",""caption"": ""그림 1-13""},{""description"": ""A detailed illustration of a forklift, highlighting its various components and structure."",""caption"": ""그림 1-14""}],""table"": []}"
doosan-manual-14,doosan,D20/25/30/33S(SE)_7,manual,doosan_manual.pdf,19,안전수칙,"{""text"": ""[\""석면이 함유되어 있는 분진이 있다면 다음과 같이 여러 가지의 상식적인 지침을 따라야 합니다.\"", \""압축 공기를 이용하여 청소하지 마십시오.\"", \""석면이 함유된 물질을 솔질하거나 연마하지 마십시오.\"", \""청소할 때는 습식 청소방법을 사용하거나 HEPA(고성능 미립자 제거) 필터가 장착된 진공 청소기를 사용하십시오.\"", \""부품을 영구적인 가공 작업을 할 경우에는 배기 장치를 사용하십시오.\"", \""분진을 억제할 방법이 달리 없다면 승인된 호흡기구를 착용하십시오.\"", \""작업장에 적용되는 수칙과 규정을 준수하십시오.\"", \""석면 폐기에 대한 환경 수칙과 규정을 따르십시오.\"", \""석면 분진이 공기에 부유 중일 수도 있는 장소는 피하십시오.\"", \""분해 및 조립\"", \""부품 분해 및 조립 장소는 청결하고 잘 정돈되어 있어야 하며, 작업장의 공구 및 작업자의 손 등도 청결한 상태를 유지하여야 합니다.\"", \""볼트 및 너트를 풀고 조일 때 규격에 맞는 렌치를 사용하고 항상 자신의 몸쪽으로 당겨서 풀거나 조이도록 하십시오. 이때 볼트 및 너트의 규격에 맞지 않는 렌치를 사용하거나 자신의 몸 반대쪽으로 밀어서 풀거나 조이면서 렌치나 손이 미끄러짐으로 인한 불의의 사고가 발생할 수도 있습니다.\"", \""작업자가 2인 이상일 경우에는 수화나 필요한 신호를 교환하여 마치 1인이 작업하는 것과 같이 민첩한 동작으로 작업이 이루어져야 합니다.\"", \""커버 플레이트를 분리할 때는 주의하십시오. 커버 또는 장치에서 서로 반대쪽 끝에 있는 마지막 볼트 또는 너트 두 개를 천천히 풀고 커버를 비틀어 느슨하게 하여 장력이나 기타 압력을 해제한 다음 마지막 볼트 또는 너트 두 개를 완전히 분리합니다.\"", \""부품 번호가 동일한 파스너(Fastener)를 모두 재설치하십시오. 파스너의 교체품이 필요하다면 품질이 양호한 파스너를 사용하고, 미터법 파스너를 표준 너트 및 볼트와 혼합해 사용하지 않도록 주의합니다.\""]"", ""table"": []}"
doosan-manual-15,doosan,D20/25/30/33S(SE)_7,manual,doosan_manual.pdf,20,안전수칙,"{""text"": ""[\""압축공기 관련 위험\"", \""• 청소용으로 압축공기를 사용할 때는 안면보호구, 방호복 및 안전화를 착용하십시오. 압축공기는 사람에게 상해를 입힐 수 있습니다.\"", \""• 정소목적으로 사용되는 압축공기의 최대 공기압력은 2.05bar(29.7psi) 이하입니다.\"", \""유압 관련 위험\"", \""유압 관련 정비를 위해 아래의 지침에 대해서 주의 깊게 따르십시오. 고온 고압의 작동유는 핀홀 크기의 누설이라도 인체조직을 뚫을 수 있으므로 매우 위험하며 심각한 부상을 유발해 신체 절단과 실명을 초래할 수 있습니다.\"", \""이 오일은 유독성 물질이며, 가압된 고온의 작동유가 피부에 침투하면 치명에는 심각하지 않아 보일 수도 있지만 주변 피부에 감염이 되면 큰 상처를 줄 수 있습니다. 이와 같이 유압 유체에 노출되었다고 생각되면 즉시 의사의 진료를 받아야 합니다.\"", \""• 팔과 다리가 완전히 가려지도록 하고, 보호 장갑과 보안경을 착용합니다.\"", \""• 배관, 피팅 또는 관련 품목의 연결을 해체하거나 분리하기 전에는 유압 시스템에서 압력을 완전히 제거하고 시스템을 작동한 상태에서는 시스템의 온도가 내려갈 때까지 대기합니다.\"", \""▶ 압력 해제작업을 완료하였더라도 시스템에서 모든 압력이 완전히 해제되었다는 절대적인 보장이 없으므로 주의하십시오.\"", \""• 가압이 되어 있는 배관을 손으로 직접 만지거나, 구부리거나, 충격을 가하면 안됩니다.\"", \""• 미세한 누출 부위를 찾기 위해 직접 손을 사용하지 마십시오. 이렇게 하면 오일 분출로 인한 부상을 당할 수 있어 판자나 다른 고체 표면을 대신 사용합니다.\"", \""• 필러 캡(Filler Cap), 브리더(Breather) 및 플러그를 분리할 때는 포트를 헝겊으로 덮어 씌워 가압된 액체가 뿜어져 나오거나 튀지 않도록 합니다.\"", \""• 호스/포트에서 흘러나올 수도 있는 유압액을 수거하기 위해 용기를 미리 준비해 둡니다.\"", \""• 차량으로부터 분리하여 들어올린 모든 구성품의 포트 등이 올바르게 봉쇄되었는지 확인합니다.\""]"", ""table"": []}"
doosan-manual-16,doosan,D20/25/30/33S(SE)_7,manual,doosan_manual.pdf,21,안전수칙,"{""text"": ""[\""배관을 재설치할 때는 정확한 토크('색션 1-8 표준 토크' 참조)로 조여지도록 합니다.\"", \""작동 중 과열, 진동 또는 다른 부품과의 마찰을 방지하기 위해 모든 방열판, 클램프 및 가드를 올바르게 설치합니다.\"", \""호스, 튜브 또는 시일(Seal) 등의 고장으로 인해 배기 부품 위로 고온의 오일이 분출되는 것을 막는 차폐장치가 올바르게 설치되어 있는지 확인합니다.\"", \""기계 관련 위험\"", \""회전부나 가동부로 떨어지거나 말려들어오는 물체 또는 공구들을 날려보내거나 절단할 수 있기 때문에 모든 회전부와 가동부에 어떠한 물체라도 접근해서는 안됩니다.\"", \""회전부가 손상되었거나 작동 중에 회전부가 다른 부품과 접촉할 경우 기기를 작동하지 마십시오. 또한 수리되었거나 개조된 고속 회전 부품은 재사용하기 전에 균형이 맞는지도 점검해야 합니다.\"", \""장비와 어태치먼트 아래에서 작업할 때는 이들을 적절히 지지해야 합니다. 제어장치가 움직이거나 유압 배관이 파괴될 경우 어태치먼트가 낙하할 수 있기 때문에 유압 실린더의 고정 역할에만 의존해서는 안됩니다.\"", \""어떤 물체에 충격을 가할 때는 날아오르는 조각이나 이물로 인해 다칠 우려가 있습니다. 물체를 치기 전에 주변과 자신의 보호를 위한 안전 조치를 확인합니다.\"", \""전기 관련 위험\"", \""분리 작업 시 배선이 손상되지 않도록 하십시오. 배선을 재설치할 때에도 날카로운 모서리나 다른 물체 또는 고온의 표면과의 접촉으로 인해 손상이 발생하지 않도록 주의해야 합니다.\"", \""액체가 들어 있는 배관에 배선을 연결해서는 안됩니다.\""]"", ""table"": []}"
doosan-manual-17,doosan,D20/25/30/33S(SE)_7,manual,doosan_manual.pdf,22,안전수칙,"{""text"": ""화재 및 화상 위험\n\n• 화상을 예방하기 위해 방금 정지된 기기의 고온 상태의 유압 기능 부품과 호스, 튜브 등의 내부에 들어 있는 고온의 액체가 신체에 닿지 않도록 주의해야 합니다.\n\n• 모든 연료, 대부분의 윤활유, 그리고 일부 냉각제 혼합물은 가연성 물질로 이들이 사용되는 배관이 누수하거나 손상되면 화재를 초래할 수 있습니다.\n\n• 모든 연료와 윤활유는 적절하게 표시된 용기에 저장하고 비인가자가 취급해서는 안됩니다.\n\n• 기름걸레나 기타 가연성 물질은 모두 보호용기에 담아 안전한 장소에 보관해 둡니다.\n\n• 가연성 액체가 포함된 배관을 용접하거나 용단하지 마십시오. 이런 배관은 용접 또는 용단 하기 전에 비가연성 용제로 철저히 세척해야 합니다.\n\n• 모든 오일이나 기타 부스러기 같은 가연성 물질은 차량에 누적되지 않게 완전히 제거합니다."", ""table"": []}"
doosan-manual-18,doosan,D20/25/30/33S(SE)_7,manual,doosan_manual.pdf,23,점검 교환 주기,"{""text"": ""1-5 점검 · 교환 주기\n\n다음은 주요 점검 항목을 정비주기별로 나열한 것입니다.\n\n알림: 차량 운전자의 일간 점검을 제외한 차량에 대한 모든 정비와 수리는 자격을 갖춘 공인된 기술자가 실시해야 합니다.\n\n알림: 폐유를 소홀하게 처리하면 환경을 오염시킬 뿐만 아니라 사람에게 위험할 수도 있습니다. 폐유는 항상 공인된 시설이 지정 용기 및 장소에 처리해야 합니다.\n\n수시 점검"", ""table"": [{""점검 대상"": ""연료 탱크 (설치 차량 해당)"", ""점검 기준 및 방법"": ""필터 캡 및 스크린 청소(불연성 용제 사용)""}, {""점검 대상"": ""운전석 및 후드"", ""점검 기준 및 방법"": ""운전석 동작상태 점검 및 슬라이더 트랙에 오일을 가볍게 도포후드 지지 실린더 작동 이상 유무 확인후드 래치 기구 및 지지 실린더 로드에 윤활유 도포""}, {""점검 대상"": ""퓨즈, 전구, 전원차단기"", ""점검 기준 및 방법"": ""엘리먼트가 분리된 퓨즈 확인 및 교환\n- 10A: 경적(Horn), 시동 릴레이\n- 15A: 전조등/후미등, 계기판, 레큘레이터, 방향지시등, OSS 컨트롤러\n- 30A: 키 스위치, 시동 모터""}, {""점검 대상"": ""전구 사용 용량"", ""점검 기준 및 방법"": ""- 12V 55W: 할로겐 전조등\n- 12V 27/8W: 정지등, 미등\n- 12V 27W: 방향지시등\n- 12V 10W: 백업등""}, {""점검 대상"": ""운전석"", ""점검 기준 및 방법"": ""운전석 동작상태 점검 및 슬라이더 트랙에 오일을 가볍게 도포""}, {""점검 대상"": ""연료 공급 계통"", ""점검 기준 및 방법"": ""연료 수분 경고등 점등 여부 확인 및 배출(약 10 초간)""}, {""점검 대상"": ""타이어 및 휠"", ""점검 기준 및 방법"": ""타이어 및 밸브 스템에 마모, 절단, 흠, 이물질 유무 및 타이어의 공기압력 측정 점검""}, {""점검 대상"": ""캐리지 롤러"", ""점검 기준 및 방법"": ""수직상태의 내측 마스트의 바닥에서부터 캐리지 베어링의 바닥까지의 거리를 측정하여 롤러 들출부 조절""}]}"
doosan-manual-19,doosan,D20/25/30/33S(SE)_7,manual,doosan_manual.pdf,24,점검 교환 주기,"{""text"": ""매 10시간 주행 또는 일간 점검(운전자)"", ""table"": [{""점검 대상"": ""일상 점검"", ""점검 기준 및 방법"": [""느슨해진 부품 유무 확인"", ""계기판 표시등 이상유무 점검"", ""경적 및 기타 경고장치 정상작동 상태 확인"", ""마스트 및 리프트 체인 마모 및 핀/롤러 이상유무 확인"", ""캐리지, 포크, 어태치먼트 등의 손상 및 이상 유무 확인"", ""타이어, 밸브, 휠 등의 이상유무 확인"", ""오버헤드 가드의 손상 및 이상 유무 확인"", ""유압 시스템의 오일 누수 및 손상 유무 확인"", ""엔진실의 윤활유, 냉각수, 연료 누수 및 이상 유무 확인"", ""냉각계통의 누수, 호스 마모, 이물질 유무 확인"", ""드라이브 액슬 오일 누수 유무 점검"", ""운전석 조정 및 컨트롤 레버 중립 위치, 시동 스위치 ON 하여 전반적인 작동상태 확인""]}, {""점검 대상"": ""엔진"", ""점검 기준 및 방법"": [""윤활유 및 냉각수 누설 여부 점검"", ""엔진 오일 레벨 및 냉각수 레벨 점검"", ""엔진실 청소 시 압축공기 2.05bar(29.7psi) 이하"", ""에어 클리너 서비스 지시기의 적색 밴드 위치 확인 및 조치"", ""배기가스 누출 여부 검사""]}, {""점검 대상"": ""마스트"", ""점검 기준 및 방법"": [""롤러가 없거나 빔에 윤활유 도포""]}, {""점검 대상"": ""트랜스미션"", ""점검 기준 및 방법"": [""트랜스미션 오일 레벨 점검"", ""- 오일온도에 따른 레벨 점검: 40°C(저온측 표시), 80°C(고온측 표시)""]}, {""점검 대상"": ""주차 브레이크"", ""점검 기준 및 방법"": [""엔진 정지 상태에서의 브레이크 조작 상태 및 레버 이상 유무 확인"", ""엔진 운전 상태에서의 방향제어레버 조작에 의한 차량 움직임 상태 점검""]}]}"
doosan-manual-20,doosan,D20/25/30/33S(SE)_7,manual,doosan_manual.pdf,25,점검 교환 주기,"{""text"": ""최초 50~100시간 주행 또는 최초 1주 후 점검"", ""table"": [{""점검 대상"": ""엔진"", ""점검 기준 및 방법"": [""엔진 오일 점검, 보충 및 교환(순정 오일 사용)"", ""특수 공구: 오일 필터 캡 110910-00628"", ""조임토크: 부품: 조임 토크, 배출 플러그: 29.4N·m"", ""오일용량: 엔진 모델: D24, 오일 팬 내부 최대: 8.6, 최소: 4.5, 합계: 9.2""]}, {""점검 대상"": ""트랜스미션"", ""점검 기준 및 방법"": ""트랜스미션 오일 필터 점검 및 교환 - 오일온도에 따른 레벨 점검: 40°C(저온측 표시), 80°C(고온측 표시)""}, {""점검 대상"": ""드라이브 액슬"", ""점검 기준 및 방법"": ""드라이브 액슬 오일 교환""}, {""점검 대상"": ""주차 브레이크"", ""점검 기준 및 방법"": ""주차 브레이크 시험 및 조정""}]}"
doosan-manual-21,doosan,D20/25/30/33S(SE)_7,manual,doosan_manual.pdf,26,점검 교환 주기,"{""text"": ""매 250시간 주행 또는 월간 주기 점검"", ""table"": [{""점검 대상"": ""흡기 계통"", ""점검 기준 및 방법"": [""프리 클리너(설치 차량 해당) 오염 여부 점검 및 세척"", ""에어 클리너 필터 엘리먼트 검사, 청소 및 교환"", ""압축공기 이용 시: 2.05bar(29.7psi) 이하"", ""압력수 이용 시 : 2.8bar(40.6psi) 이하"", ""※ 사용 세제는 가정용 연성 세제 및 온수 이용""]}, {""점검 대상"": ""브레이크"", ""점검 기준 및 방법"": ""주차 브레이크 오일 레벨 점검 및 보충""}, {""점검 대상"": ""유압 탱크"", ""점검 기준 및 방법"": ""작동유 레벨 점검 및 보충""}, {""점검 대상"": ""드라이브 액슬"", ""점검 기준 및 방법"": ""오일 레벨 점검 및 보충""}, {""점검 대상"": ""마스트, 캐리지, 체인, 어태치먼트"", ""점검 기준 및 방법"": [""리프트, 틸트, 어태치먼트의 제어장치의 작동 이상유무 확인"", ""캐리지 볼트 및 너트 이완상태 유무 점검, 이물질 제거"", ""포크 및 어태치먼트 작동 이상유무 확인"", ""모든 체인에 브러시로 유막 도포 및 체인 엥커의 이상유무 점검""]}, {""점검 대상"": ""스티어링 액슬"", ""점검 기준 및 방법"": [""킹핀(4개소) 및 링크 베어링(4개소) 피팅에 주유"", ""부속품 마모 및 이완 상태 점검""]}, {""점검 대상"": ""배터리"", ""점검 기준 및 방법"": [""배터리 단자 부식 점검 및 청소"", ""단자에 그리스 도포""]}, {""점검 대상"": ""엔진"", ""점검 기준 및 방법"": ""엔진 오일 및 필터 교환""}, {""점검 대상"": ""휠"", ""점검 기준 및 방법"": [""볼트 및 너트 점검"", ""스티어 휠 너트 조임 토크: 110N·m"", ""드라이브 휠 조임 토크: 610N·m""]}]}"
doosan-manual-22,doosan,D20/25/30/33S(SE)_7,manual,doosan_manual.pdf,27,점검 교환 주기,"{""text"": ""매 500시간 주행 또는 3개월 주기 점검"", ""table"": [{""점검 대상"": ""발전기"", ""점검 기준 및 방법"": [""구동벨트 점검 및 조정"", ""- 벨트 처짐 허용치: 10mm/110N"", ""실린더 로드 연장길이 측정 및 조정(3.18mm 이내)"", ""- 볼트 정격 토크: 95±15N·m"", ""크로스 헤드롤러 가드 및 리테이너 손상 유무 점검""]}, {""점검 대상"": ""틸트 실린더"", ""점검 기준 및 방법"": [""샤시 및 마스트 피봇 아이볼트 피팅에 주유"", ""- 핀의 헐거운 리테이너 볼트나 마모 부분 유무 점검"", ""실린더 로드 연장길이 측정 및 조정(3.18 이내)"", ""- 핀치 볼트 정격 토크: 95±15N·m"", ""크로스 헤드롤러, 가드 및 리테이너 링의 손상 유무 점검""]}, {""점검 대상"": ""마스트"", ""점검 기준 및 방법"": ""마스트 힌지 핀의 두 피팅에 주유""}, {""점검 대상"": ""트랜스미션"", ""점검 기준 및 방법"": [""트랜스미션 오일 필터 점검 및 교환"", ""- 오일온도에 따른 레벨 점검: 40°C(저온측 표시), 80°C(고온측 표시)""]}, {""점검 대상"": ""드라이브 액슬"", ""점검 기준 및 방법"": ""오일 및 스트레이너 점검 및 교환""}, {""점검 대상"": ""스티어링 액슬"", ""점검 기준 및 방법"": [""스티어링 유닛 조립 볼트 검사"", ""- 조립 볼트(8개) 조임 토크: 240±40N·m"", ""스티어링 액슬의 피팅에 주유""]}, {""점검 대상"": ""오버헤드가드"", ""점검 기준 및 방법"": [""손상 볼트 유무 점검"", ""- 설치 볼트 조임 토크: 95N·m""]}, {""점검 대상"": ""브레이크"", ""점검 기준 및 방법"": [""주차 브레이크 시험 및 조정"", ""인칭 페달 및 브레이크 페달 회전축의 두 피팅에 주유""]}, {""점검 대상"": ""경적 및 지시등 (설치 차량 해당)"", ""점검 기준 및 방법"": ""상태 점검 및 교체 - 경적, 경고등, 방향지시등, 백업등, 전조등, 후방조명등""}, {""점검 대상"": ""연료 여과기"", ""점검 기준 및 방법"": ""여과기 교환""}, {""점검 대상"": ""엔진"", ""점검 기준 및 방법"": ""엔진 오일 및 필터 교환""}]}"
doosan-manual-23,doosan,D20/25/30/33S(SE)_7,manual,doosan_manual.pdf,28,점검 교환 주기,"{""text"": ""매 1,000시간 주행 또는 6개월 주기 점검"", ""table"": [{""점검 대상"": ""에어 브리더"", ""점검 기준 및 방법"": ""에어브리더 교체""}, {""점검 대상"": ""유압 리턴 필터"", ""점검 기준 및 방법"": ""유압 탱크의 리턴 필터 교체""}, {""점검 대상"": ""트랜스미션"", ""점검 기준 및 방법"": ""트랜스미션 오일, 오일필터, 스트레이너 점검, 청소, 교환""}, {""점검 대상"": ""리프트/캐리지/마스트체인"", ""점검 기준 및 방법"": [""리프트 체인 링크 및 핀 마모를 측정하여 리프트 체인 마모 시험"", ""핀 중심에서 체인 링크 10개의 거리를 mm 단위로 측정"", ""체인 마모율 2% 이상이면 교체"", ""체인 마모율(%) = [(실측정값-19.05*10)/(19.05*10)]*100"",""리프트 체인 장력 동일 여부 점검"", ""캐리지 체인 장력 동일 여부 점검"", ""조정 완료 후 앵커 너트 나사산에 LOCTITE No.242 Thread Lock 도포"", ""마스트 체인 조정(FF, FFT 마스트인 경우)"", ""조정 완료 후 앵커 너트 나사산에 LOCTITE No.242 Thread Lock 도포""]}, {""점검 대상"": ""유니버설 조인트"", ""점검 기준 및 방법"": ""베어링 마모 및 손상 유무 점검""}, {""점검 대상"": ""흡기 계통"", ""점검 기준 및 방법"": [""1차 엘리먼트 교환"", ""2차 엘리먼트 교환""]}, {""점검 대상"": ""엔진"", ""점검 기준 및 방법"": [""엔진 밸브 래쉬 점검 및 조정"", ""엔진 정지상태에서 밸브 래쉬 측정"", {""밸브 간격 설정"": [{""엔진"": ""2.4 리터 디젤 (D24NAP)"", ""밸브"": ""배기밸브"", ""간격"": ""0.2mm""}, {""엔진"": ""2.4 리터 디젤 (D24NAP)"", ""밸브"": ""흡기밸브"", ""간격"": ""0.2mm""}]}]}]}"
doosan-manual-24,doosan,D20/25/30/33S(SE)_7,manual,doosan_manual.pdf,29,점검 교환 주기,"{""text"": ""매 2,000시간 주행 또는 연간 주기 점검"", ""table"": [{""점검 대상"": ""엔진"", ""점검 기준 및 방법"": ""엔진 밸브 래쉬 점검 및 조정(D24A 디젤엔진에만 해당)""}, {""점검 대상"": ""스티어 휠"", ""점검 기준 및 방법"": ""베어링 재조립을 하기 위해 스티어 휠 해체 및 조립\n- 잠금 너트 조임 토크: 135N·m\n- 잠금 너트 재조임 토크: 50±5N·m""}, {""점검 대상"": ""드라이브 휠"", ""점검 기준 및 방법"": ""베어링 재조립을 하기 위해 드라이브 휠 해체 및 조립\n- 단일 또는 이중 휠의 너트 조임 토크: 644±34N·m\n- 어댑터 어셈블리 볼트 조임 토크: 285±13N·m\n- 휠 베어링 너트 조임 토크: 135N·m(양방향으로 휠 회전)\n- 휠 베어링 너트 재조임 토크: 50±5N·m\n- 드라이브 액슬 하우징 커버 고정볼트 조임 토크: 55±10N·m\n- 스핀들 볼트 조임 토크: 115±14N·m\n※ 스핀들 볼트 나사산에 Loctite No.242 도포""}, {""점검 대상"": ""냉각 계통"", ""점검 기준 및 방법"": ""냉각제 교환""}, {""점검 대상"": ""포크"", ""점검 기준 및 방법"": ""최소 12 개월에 1 회 정기 점검이나, 교대작업이나 중하중 작업 여건에 따라 6 개월마다 점검\n다음과 같은 상황 발생시 교체\n- 포크 균열: 힐, 용접 부위, 브래킷 등\n- 포크 마모: 공장줄하 두께의 90% 이하\n- 날 상면과 생크 전면 사이각 90±3° 초과\n- 포크날 상면 또는 생크 전면의 진직도 편차가 날 길이의 0.5% 또는 생크 각각의 5mm/1000mm 높이만큼 초과\n- 두 포크 간 높이차 6.5mm(팔레트 포크), 3.0mm(테이퍼 포크) 이상\n※ 포크간의 종단 최대허용높이는 날 길이의 3%""}, {""(매 2,500시간 주행 또는 15개월 주기 점검)점검 대상"": ""유압 탱크"", ""(매 2,500시간 주행 또는 15개월 주기 점검)점검 기준 및 방법"": ""작동유 탱크 드레인 플러그 청소\n딥스틱 및 필터캡 점검 및 오일 레벨 확인""}, {""(매 2,500시간 주행 또는 15개월 주기 점검)점검 대상"": ""배터리"", ""(매 2,500시간 주행 또는 15개월 주기 점검)점검 기준 및 방법"": ""배터리 외부 표면 청소 및 점검""}]}"
doosan-manual-25,doosan,D20/25/30/33S(SE)_7,manual,doosan_manual.pdf,30,주유,"{""text"": ""1-6 주유\n\n다음은 차량에 필요한 디젤 연료 및 오일에 대해 설명하고 있으며, 디젤 연료의 사양과 오일 중 종류별로 주유 또는 도포해야 하는 부품들에 대해 보여줍니다.\n\n1-6-1 디젤 연료의 규격\n\n전세계에서 사용하고 있는 디젤 연료에 대한 사양은 다음과 같습니다.\n\n디젤 연료의 권장 조건\n\n• 세테인 값은 45이상\n• 유황 함량은 0.05%(부피 기준) 이하\n> 미국과 캐나다에서는 저유황\n(300~500mg/kg의 유황 함유량) 또는 초저\n유황 연료를 사용\n• 회분 함량은 0.1%(부피 기준) 이하\n• 탄소 잔류물 함량은 0.1%(부피 기준) 이하\n• 전체 방향제 함량은 30%(부피 기준) 이하\n• PAH(다환 방향족 탄화수소) 함량은 10%(부피 기준) 이하\n• 금속 함량은 1ppm(질량 기준) 이하\n• 윤활성: WS1 마모 표시는 HFRR 시험에서 최대 0.018인치(460μm)\n\n알림: 투산은 광유 주출 디젤 연료로 승인된 95%(부피)의 FAME 혼합물에 5%(부피)를 초과하지 않는 바이오 디젤 연료(B5) 사용을 허용합니다."", ""table"": [{""지역"": ""미국"", ""디젤 연료 규격"": ""ASTM D975 No.1D/2D""}, {""지역"": ""유럽 연합"", ""디젤 연료 규격"": ""EN590:96""}, {""지역"": ""국제 표준"", ""디젤 연료 규격"": ""ISO 8217 DMX""}, {""지역"": ""영국"", ""디젤 연료 규격"": ""BS 2869-A1 or A2""}, {""지역"": ""일본"", ""디젤 연료 규격"": ""JIS K2204 Grade No. 2""}, {""지역"": ""한국"", ""디젤 연료 규격"": ""KSM-2610""}, {""지역"": ""중국"", ""디젤 연료 규격"": ""GB252""}]}"
doosan-manual-26,doosan,D20/25/30/33S(SE)_7,manual,doosan_manual.pdf,31,주유,"{""text"": ""1-6-2 권장 오일의 점성 및 최대 보충용량\n\nS.A.E. J754 명칭을 따르는 엔진와 S.A.E. J183 엔진 뒤에\n따르는 및 가지의 종류의 윤활유가 사용되고 있으며,\n이 모든 MIL 사양은 미국 육군의 사양에 따릅니다.\n\n그리스는 규정된 주도번호(Consistency Number)가 나오\n는 ASTM D217-68 혼화주도 특성에 기초하는 미국윤활\n그리스협회(NLGI)의 요건에 적합하게 분류됩니다.\n\nS.A.E. 등급번호는 윤활유의 점도를 나타냅니다. 주위온\n도에 알맞은 S.A.E. 등급번호를 선택해야 합니다.\n\n알림: 주입량은 오일 진량에 따라 달라질 수 있으므로\n주입 시 게이지를 반드시 확인합니다."", ""table"": [{""부품/장치"": ""엔진 크랭크 케이스\n(디젤)\nAPI CJ-4, ACEA E9"", ""윤활유 점도"": ""SAE 5W30"", ""주위 온도(°C) 최소"": -30, ""주위 온도(°C) 최대"": 30, ""최대 보충용량 리터(L)"": 8.6}, {""부품/장치"": ""엔진 크랭크 케이스\n(디젤)\nAPI CJ-4, ACEA E9"", ""윤활유 점도"": ""SAE 10W30"", ""주위 온도(°C) 최소"": -20, ""주위 온도(°C) 최대"": 30, ""최대 보충용량 리터(L)"": 8.6}, {""부품/장치"": ""엔진 크랭크 케이스\n(디젤)\nAPI CJ-4, ACEA E9"", ""윤활유 점도"": ""SAE 5W40"", ""주위 온도(°C) 최소"": -30, ""주위 온도(°C) 최대"": 40, ""최대 보충용량 리터(L)"": 8.6}, {""부품/장치"": ""엔진 크랭크 케이스\n(디젤)\nAPI CJ-4, ACEA E9"", ""윤활유 점도"": ""SAE 10W40"", ""주위 온도(°C) 최소"": -20, ""주위 온도(°C) 최대"": 40, ""최대 보충용량 리터(L)"": 8.6}, {""부품/장치"": ""엔진 크랭크 케이스\n(디젤)\nAPI CJ-4, ACEA E9"", ""윤활유 점도"": ""SAE 15W40"", ""주위 온도(°C) 최소"": -15, ""주위 온도(°C) 최대"": 40, ""최대 보충용량 리터(L)"": 8.6}, {""부품/장치"": ""엔진 크랭크 케이스\n(디젤)\nAPI CJ-4, ACEA E9"", ""윤활유 점도"": ""SAE 15W50"", ""주위 온도(°C) 최소"": -15, ""주위 온도(°C) 최대"": 50, ""최대 보충용량 리터(L)"": 8.6}, {""부품/장치"": ""엔진 크랭크 케이스\n(디젤)\nAPI CJ-4, ACEA E9"", ""윤활유 점도"": ""SAE 20W50"", ""주위 온도(°C) 최소"": -10, ""주위 온도(°C) 최대"": 50, ""최대 보충용량 리터(L)"": 8.6}, {""부품/장치"": ""유압 및 파워스티어링\nISO 6743/4 HM"", ""윤활유 점도"": ""ISO VG 22"", ""주위 온도(°C) 최소"": -30, ""주위 온도(°C) 최대"": 20, ""최대 보충용량 리터(L)"": 34.0}, {""부품/장치"": ""유압 및 파워스티어링\nISO 6743/4 HM"", ""윤활유 점도"": ""ISO VG 32"", ""주위 온도(°C) 최소"": -20, ""주위 온도(°C) 최대"": 30, ""최대 보충용량 리터(L)"": 34.0}, {""부품/장치"": ""유압 및 파워스티어링\nISO 6743/4 HM"", ""윤활유 점도"": ""ISO VG 46"", ""주위 온도(°C) 최소"": -10, ""주위 온도(°C) 최대"": 40, ""최대 보충용량 리터(L)"": 34.0}, {""부품/장치"": ""유압 및 파워스티어링\nISO 6743/4 HM"", ""윤활유 점도"": ""ISO VG 68"", ""주위 온도(°C) 최소"": 0, ""주위 온도(°C) 최대"": 50, ""최대 보충용량 리터(L)"": 34.0}, {""부품/장치"": ""파워 시프트 및\n드라이브 액슬 하우징\nAPI CD/TO-2"", ""윤활유 점도"": ""SAE 10 W"", ""주위 온도(°C) 최소"": -20, ""주위 온도(°C) 최대"": 22, ""최대 보충용량 리터(L)"": ""파워 시프트: 13.0\n드라이브 액슬: 9.2""}, {""부품/장치"": ""파워 시프트 및\n드라이브 액슬 하우징\nAPI CD/TO-2"", ""윤활유 점도"": ""SAE 30"", ""주위 온도(°C) 최소"": 10, ""주위 온도(°C) 최대"": 50, ""최대 보충용량 리터(L)"": ""파워 시프트: 13.0\n드라이브 액슬: 9.2""}, {""부품/장치"": ""브레이크 오일 리저버\n(OCDB에 해당)\nISO 6743/4 HM"", ""윤활유 점도"": ""ISO VG 32"", ""주위 온도(°C) 최소"": -20, ""주위 온도(°C) 최대"": 30, ""최대 보충용량 리터(L)"": 0.6}]}"
doosan-manual-27,doosan,D20/25/30/33S(SE)_7,manual,doosan_manual.pdf,32,주유,"{""section1"":{""text"":""1-6-3 오일 사양\n\n엔진 오일\n\n다음의 오일은 상용 제품의 선택을 위한 기준입니다."",""table"":[{""항목"":""디젤 엔진"",""적용 사양"":""API CJ-4 또는 ACEA E9 등급 이상""}]},""section2"":{""text"":""알림: 윤활유 상표목록에 관해서는 EMA 윤활유 데이터 북을 참고하십시오.\n연료 중의 유황함량에 따라 엔진윤활유의 추천치가 달라집니다.\n연료유황의 영향과 관련하여, 엔진 윤활유의 잔류 중화성분을 평가하기 위해 적외선 분석 또는 ASTM D2896 절차가 이용됩니다. 유황생성물질의 형성은 연료의 유황함량, 윤활유 조제, 크랭크케이스 블로바이, 엔진 운전조건 및 주위온도에 따라 달라집니다.""},""section3"":{""text"":""체인 및 연결기구 오일(DEO 또는 EO)\n\n다음과 같이 체인과 연결기구에 사용하도록 권장된 오일들을 사용하십시오."",""table"":[{""항목"":""유럽"",""적용 사양"":""CCMC D3""},{""항목"":""API"",""적용 사양"":""CD, CD/SF, CE""},{""항목"":""군용"",""적용 사양"":""MIL-L-2104D 또는 E""}]},""section4"":{""text"":""작동유(HYDO)\n\n다음의 상용 분류기준가 유압 시스템에서 사용될 수 있습니다. 산업용 프리미엄 작동유는 비커스 베인 펌프시험(35VQ25)에 합격한 제품입니다.\n\n이와 같은 오일들은 오일 공급업체에서의 권장사항으로 내구성이 강한 용도로 사용하기 위해 내마모성, 내발포성, 녹방지, 내산화성 첨가제들을 포함하고 있어야 합니다. 보통 ISO VG 32 등급의 점도가 선택됩니다."",""table"":[{""항목"":""ISO 6743/4"",""적용 사양"":""HM""},{""항목"":""AFNOR NFE 48-603"",""적용 사양"":""HM""},{""항목"":""DIN 51524 TEIL 2"",""적용 사양"":""H-LP""},{""항목"":""HAGGLUNDS DENISON"",""적용 사양"":""HFO-HF2""},{""항목"":""CINCINNATI"",""적용 사양"":""P68, 69, 70""}]}}"
doosan-manual-28,doosan,D20/25/30/33S(SE)_7,manual,doosan_manual.pdf,33,주유,"{""text"": ""알림: 유압 시스템 부품들의 성능을 길게 유지하려면 적합한 작동유를 사용해야 합니다. 대부분의 유압 시스템에는 상기의 작동유가 권장됩니다. 유압 탱크에 추가되는 보충 오일은 이미 시스템에 있는 오일과 잘 섞여야 합니다. 반드시 동일한 점도와 특성을 가진 오일을 사용하십시오. 특수한 제품과 함께 사용하도록 별도로 지정된 것이 없다면 석유 제품만을 사용해야 합니다. 시스템에 수분이나 공기가 유입되면 작동유 색깔이 흐려지는데, 이러한 불순물은 펌프 손상을 초래하는 원인이 될 수 있습니다. 액체를 빼내 시스템을 완전히 청소한 다음, 모든 유압 흡입관 클램프들을 다시 조인 다음에 작동유를 다시 채우도록 하십시오.\n\n트랜스미션 및 드라이브 액슬 오일\n\n다음과 같이 권장된 제품을 사용하여야 합니다.\n\n알림: 두산은 트랜스미션용으로 범용윤활유를 혼합하지 않습니다. 점도지수 향상제와 같은 고분자량 폴리머를 이용하는 범용윤활유는 점도지수 향상제의 열구적 그리고 일시적 전단에 의해 점성효과를 상실하므로 트랜스미션이나 파워트레인 용도로는 적합하지 않습니다. 이를 준수하지 않으면 제품의 부적합성, 디스크 제품의 부적절한 마찰 요건, 기어의 과도한 마모 등으로 인해 트랜스미션의 수명이 단축될 수 있습니다."", ""table"": [{""항목"": ""트랜스미션/드라이브 액슬"", ""적용 사양"": ""API CD/TO-2, MIL-L-2104D 의 E 또는 F""}]}"
doosan-manual-29,doosan,D20/25/30/33S(SE)_7,manual,doosan_manual.pdf,34,주유,"{""text"": ""브레이크 오일\n\nISO 6743/4 HM VG 10 최신버전의 요건을 충족하는 오일 공급자가 인증한 중하중용 유압 브레이크 유체를 그림 1-19와 같이 브레이크 오일 주입구에 보충하여 사용합니다.\n\n윤활 그리스(MPGM)\n\n모든 주유점에 다목적 몰리브덴 그리스(MPGM)를 사용합니다. 만약 MGPM 그리스가 사용될 수 없다면 3~5%의 2황화몰리브덴이 포함된 다목적 그리스를 사용합니다.\n\nNLGI 2등급 제품은 대부분의 온도에 적당합니다. NLGI 1등급이나 0등급 제품은 극저온에서 사용됩니다"", ""table"": [{""공급업체"": ""TOTAL"", ""제품명"": ""Azolla ZS""}, {""공급업체"": ""CALTEX"", ""제품명"": ""Rando HD""}, {""공급업체"": ""ESSO"", ""제품명"": ""Noto H""}, {""공급업체"": ""MOBIL"", ""제품명"": ""DTE20S""}, {""공급업체"": ""SHELL"", ""제품명"": ""Tellus""}, {""공급업체"": ""CASTROL"", ""제품명"": ""Hyspin AWS""}]}"
doosan-manual-30,doosan,D20/25/30/33S(SE)_7,manual,doosan_manual.pdf,35,분해 조립 지침,"{""text"": ""1-7 분해 · 조립 지침\n\n분해 전 준비사항\n• 차량을 정비고에 보내기 전에 세차하여 먼지나 오물을 제거합니다. 정비고 안으로 물이 들어온 먼지나 오물이 부품의 정결도를 떨어뜨리고 재조립시 부품 안으로 들어가 흠집을 낼 수가 있습니다.\n• 전동 차량은 주 동력이 전기장치로 되어 있으므로 수분이 침투되지 않도록 주의합니다.\n• 불필요한 분해 작업을 피하기 위해서 필요한 공구와 부품 상자를 준비하고 분해에 적당한 장소는 청결을 유지해야 합니다.\n\n분해 전 점검 및 검사\n• 분해하기 전에 반드시 고장의 원인을 조사하여 기록하십시오. 사전조사 기록은 불필요한 분해와 과한 부품의 손실을 방지하고 정비시간을 단축하며 반복되는 동일한 원인의 고장을 방지할 수 있습니다.\n• 고장을 방지하기 위해서 정비사는 고장과 교환품에 관한 기록을 해두십시오. 점검하여 기록해 두어야 할 사항은 다음과 같습니다.\n  ➢ 차량 모델 및 일련번호, 운행시간\n  ➢ 분해의 이유\n  ➢ 고장의 징후, 위치 그리고 원인 점검\n    (필요하면 동일 고장을 재현시키십시오.)\n  ➢ 지정된 표준 위치에서의 이탈 점검\n  ➢ 손상된 부품과 조임상태의 이완\n  ➢ 가능하면 정비상태도 점검"", ""table"": []}"
doosan-manual-31,doosan,D20/25/30/33S(SE)_7,manual,doosan_manual.pdf,36,분해 조립 지침,"{""text"": ""분해 시 주의사항\n\n부품의 해체\n• 상대 부품과의 결합상태(전후, 좌우, 상하관계)를 확인하여 해체 순서를 확실히 결정합니다.\n• 부품을 해체하기 전에 결합 위치를 확인해 두고 재결합할 때 혼선이 없도록 필요하면 펀치로 표시해 둡니다.\n• 특정한 부품을 떼어낼 때는 특수 공구를 사용하여야 합니다.\n• 볼트와 너트를 풀어낸 후에도 부품이 분해되지 않을 때에는 무리한 힘을 가하지 말고 그 원인을 조사 확인한 후에 분해 작업을 합니다.\n• 분해된 부품을 분해 순서에 맞게 놓으십시오. 특히, 비슷한 부품들에는 꼬리표나 표시를 해 두어야 합니다.\n• 볼트와 너트 같은 규격품은 정비하는 장소에 사용량을 순서대로 보관해 둡니다.\n\n분해 시 점검 및 검사\n• 작동 상의 고장원인은 분해 도중에 발견되는 경우도 있습니다. 따라서 마찰표면과 상대 부품의 상태를 주의해서 점검하는 것이 매우 중요합니다.\n• 분해할 때 고장을 일으키는 여러 가지 간극, 뒤틀림, 돌출량 등을 측정하여 기록해 둡니다.\n\n간극의 유지\n• 재조립할 때 치음의 간극을 유지하기 위해서 심(Shim)과 와셔를 순서대로 보관해 둡니다.\n\n링크의 조정\n• 로드의 재조정이 필요하지 않을 때는 본래의 길이를 유지하십시오. 분해할 때 로드 끝을 움직일 필요가 있을 때는 분해하기 전의 길이를 측정하여 기록해 둡니다.\n\n압입 부품의 분해\n• 두드린 자국이나 흠집을 없애고 깨끗이 닦아 조립 시 문제가 발생하지 않도록 합니다.\n• 압입 부품이 헐거워졌을 때는 그 원인을 점검하여 제거으로써 조립 시 문제가 발생하지 않도록 합니다."", ""table"": []}"
doosan-manual-32,doosan,D20/25/30/33S(SE)_7,manual,doosan_manual.pdf,37,분해 조립 지침,"{""text"": ""베어링의 분해\n• 강제로 베어링을 빼지 말고 그림 1-21과 같이 베어링 풀러(Puller)를 사용합니다.\n\n분해 후의 작업\n\n세척\n• 분해된 부품은 깨끗이 닦고 어셈블리별로 부품을 정돈해 놓고 오물이 없는 곳에 보관하십시오. 부품의 오일 통로나 베관 내부의 오물을 제거하기 위해서는 각별히 주의가 요구됩니다.\n• 세척제로 채워진 두 개의 용기를 사용하여 한 용기는 더러운 부품을 세척하고 다른 용기로 행구면 효과적인 세척을 할 수 있습니다.\n• 특수한 부품을 세척할 때는 용기의 수를 늘리고 여러 번 세척을 해야 합니다.\n• 베어링의 점착성 오일을 세척할 경우에는 등유나 중성 무수산 경유가 적당합니다.\n• 대형 주물품을 씻을 때는 알카리 PH-10~12, 온도 50~70°C의 세척제가 든 용기에 10분간 담근 후 물로 깨끗이 세척합니다.\n• 세척재로 유해한 화학약품을 사용할 경우에는 피부나 눈에 닿지 않도록 조심하십시오. 그리고 페유 처리는 지정 장소 및 보관통을 이용하여야 합니다.\n\n먼지 방지\n• 세척한 부품은 오물이나 먼지가 묻지 않도록 커버를 씌워서 보관하며 모든 배관 중단은 막아 두어야 합니다.\n• 재조립하기 전까지 보관할 때는 적당한 방청처리를 해둡니다.\n\n조립 시 주의사항\n\n부품 장착\n• 조립 전에 모든 부품을 깨끗한 상태를 유지하십시오. 부품의 표면에 있는 흠집을 검검하고 필요하면 보수하여야 하며, 부품의 수명을 감소시키는 요인이 되는 오물이 부품의 마찰면에 묻지 않게 주의해야 합니다.\n• 조립 전의 부품에 칠해져 있는 방청제를 세척제로 깨끗이 세척합니다."", ""table"": []}"
doosan-manual-33,doosan,D20/25/30/33S(SE)_7,manual,doosan_manual.pdf,38,분해 조립 지침,"{""text"": ""[\""조립하기 전에 표시된 부품의 맞춤표시를 확인합니다.\"", \""베어링, 부싱, 오일 시일을 조립할 때는 압입 공구를 사용하고 어떤 지정된 부품에 대해서는 특수 공구를 사용합니다.\"", \""압입할 때는 부품의 표면에 몰리브덴 이유화물 그리스를 칠합니다.\"", \""볼트와 너트 조임\"", \""볼트와 너트를 조일 때는 균일한 토크가 걸리도록 그림 1-22와 같이 상호 반대편의 볼트와 너트를 교차로 조입니다. 이 방법을 '템플레이트 방법'이라 하며 균일한 접촉을 위해서는 풀었다 조였다 하며 단계적으로 체결합니다.\"", \""볼트의 나사 부분에 엔진 오일을 칠하면 볼트를 조이기 쉽고 또 조임력을 얻을 수 있습니다.\"", \""외관으로 검검을 할 수 없는 볼트, 너트 혹은 고정해야 하는 중요한 부품은 그림 1-23과 같이 와이어, 코터핀, 록크 와셔 등을 사용합니다.\"", \""조립식 검검\"", \""조립 시에 각 단계마다 간극과 유격, 돌출량 뒤틈을 검검하여 기록합니다.\"", \""심(Shim)의 재조립\"", \""분해하기 전과 같은 위치에 심과 와셔를 끼우고, 삽입 후에 올바른 간극이 되었는지 점검합니다.\"", \""조정 링크 조립\"", \""조정할 필요가 없을 때 분해 전과 같은 길이로 조립합니다.\"", \""압입 부품 조립\"", \""필요하면 홈접과 일그러진 곳을 보수하고 끼우기 전에 부품을 깨끗한 상태로 유지합니다.\"", \""압입 부품에 충분한 조임력이 없으면 헐거워지는 원인이 되므로 주의해서 점검합니다.\"", \""키와 키웨이의 조립\"", \""키웨이와 키의 헐거워짐과 키헤드의 접촉을 점검하십시오. 만일 키헤드가 키웨이에 닿으면 키헤드의 남은 부분을 제거합니다.\""]"", ""table"": []}"
doosan-manual-34,doosan,D20/25/30/33S(SE)_7,manual,doosan_manual.pdf,39,분해 조립 지점,"{""text"": ""일반 부품 취급\n\n팩킹 취급\n• 모든 팩킹, 가스켓, 구리 팩킹 등은 규정에 따라서 교환하여야 하며, 본 정비지침서에서 가스켓에 접착제 도포를 지시할 경우 다음과 같이 주의합니다.\n➢ 가스켓 표면의 낡은 접착제의 찌꺼기나 흠집, 먼지, 페인트 그리스를 완전히 제거합니다.\n➢ 양쪽 면의 가스켓용 실링재를 균일하게 칠하고 몇분간 건조시킵니다.\n➢ 손에 묻지 않을 정도로 액이 약간 마르면 조립합니다.\n➢ 가죽 팩킹은 조립 전에 오일에 담그었다가 사용합니다.\n\nO링 취급\n• O링의 상태를 점검하십시오. 오랫동안 보관된 상태의 경화된 미사용 O링은 사용하지 않습니다.\n• 부품 목록에서 지시하는 O링만 사용하십시오. 엔진 윤활유에 사용하는 O링은 실리콘 고무와 같이 특수한 재질로 내열성, 내노화성을 가지고 있으므로 일반적으로 사용하는 O링을 사용해서는 안됩니다.\n• 설치 중에 흠집이 생기지 않도록 O링에 오일을 칠하십시오. 실리콘 고무 O링은 파손되기 쉬우므로 과다하게 팽창하지 않도록 주의하십시오.\n\n오일 시일(seal) 취급\n• 오일 시일은 특히 립부에 먼지가 끼지 않도록 하고 녹이나 흠집이 없는지 확인합니다.\n• 립부의 실링 반쪽 립 주위에 그리스를 균일하게 도포합니다.\n• 오일 시일을 끼울 축의 면이 더럽거나 녹슬었거나 흠집 등이 있는지 점검하고 오일 시일이 잘 설치되도록 그리스나 윤활유를 도포합니다.\n• 오일 시일 립부에 흠집이 있는지 점검하기 위해 와이어를 프레에 가볍게 마찰시켜 보십시오. 만약 흠집이 있다면 오일 시일을 교환해야 합니다.\n• 오일 시일을 끼울 때 그림 1-25와 같은 가이드와 지그를 사용하여 오일 시일의 립이 상하지 않도록 합니다."", ""table"": []}"
doosan-manual-35,doosan,D20/25/30/33S(SE)_7,manual,doosan_manual.pdf,40,분해 조립 지침,"{""text"": ""[\""오일 시일을 삽입한 후에는 경사각(허용경사각: 0.2mm/100mm 직경)을 점검합니다.\"", \""오일 시일의 주위에 접착제를 바를 때 오일 시일의 립부에 접착제가 묻지 않도록 주의하고 다른 오일 시일을 끼우기 전에 가이드와 지그에 묻어 있는 접착제를 완전히 제거합니다.\"", \""베어링 취급\"", \""정밀하게 조립된 베어링이 상하지 않게 하기 위해 다음 사항을 주의해야 합니다.\"", \""먼지나 오물을 완전히 제거하십시오. 먼지는 베어링의 수명에 현저한 영향을 미칩니다. 베어링 설치 직전에 포장을 제거합니다.\"", \""베어링에 충격을 주지 않도록 하십시오. 압축공기를 불어넣어 청정제를 제거하기 위해서 베어링을 지나치게 회전시키는 등의 취급은 절대로 피해야 합니다. 오일 시일의 립이 올바른 방향이 되도록 설치합니다.\"", \""베어링을 설치할 때 다음 사항을 주의해야 합니다.\"", \""인너 레이스를 삽입하기 위해 망치로 아우터 레이스를 친다든지 아우터 레이스를 끼우기 위해 인너 레이스를 쳐서는 안됩니다. 이렇게 망치로 치면 베어링의 트랙에 흠집이 생깁니다.\"", \""베어링의 인너 레이스를 적당한 공차로 끼워 맞출 때는 그림 1-26과 같은 지그를 사용하여 인너 레이스를 압입합니다. 압입 공차로 열 끼워 맞춤을 할 때는 베어링을 120°C까지 가열합니다. 그러나, 과도한 온도로 가열한 경우에는 베어링 표면의 경도를 저하시키는 원인이 될 수도 있습니다.\"", \""논 스플릿 타입의 베어링을 인너 레이스와 아우터 레이스의 적당한 공차로 끼울 때는 그림 1-27과 같은 지그를 사용하여 인너 레이스와 아우터 레이스 양쪽을 동시에 압입합니다.\"", \""스냅 링 취급\"", \""스냅 링을 빼거나 끼울 때는 적당한 링플라이어를 사용하여 스냅 링을 지나치게 팽창시키지 않도록 주의합니다.\"", \""스냅 링을 끼운 후에 링이 홈에 제대로 끼워졌는지를 확인합니다.\""]"", ""table"": []}"
doosan-manual-36,doosan,D20/25/30/33S(SE)_7,manual,doosan_manual.pdf,41,분해 조립 지침,"{""text"": ""유압배관 피팅\n\n유압배관 설치\n\n1. 유압호스에 금속 튜브를 장착하는 경우 모든 볼트를 손으로 조입니다.\n\n2. 단단한 끝부분에 볼트를 체결합니다.\n\n3. 호스를 연결하고 볼트를 손으로 조입니다.\n\n4. 호스가 차량이나 다른 호스에 닿지 않도록 위치를 조절합니다.\n\n5. 양쪽 연결부의 볼트를 완전히 체결합니다.\n\n6. 시동을 겁니다.\n\n7. 컨트롤 레버를 양 방향으로 조작합니다.\n\n8. 컨트롤 레버를 조작하면서 연결한 호스의 움직임을 확인합니다. 호스는 차량이나 다른 호스에 닿지 않아야 합니다.\n\n9. 시동을 끕니다.\n\n10. 컨트롤 레버의 조작에 의해 설치한 호스의 간섭이 있다면 호스의 위치를 재조정합니다.\n\n평행 나사형 O링 시일 피팅(튜브 중단 모양에 관련 없이 동일)\n\n1. 잠금 너트(3), 백업 와셔(4), O링 시일(5)을 피팅 바디(2)에 최대한 깊숙히 장착합니다.\n\n2. 연결할 부품의 종단이 백업 와셔(4)에 닿도록 피팅을 돌려 끼웁니다.\n\n3. 피팅 어셈블리를 바르게 위치시킬 수 있도록 피팅 바디(2)를 최대 359°까지 반시계 방향으로 돌립니다.\n\n4. 다음 섹션의 표준 토크를 참조하여 잠금 너트(3)를 해당 피팅에 맞는 토크로 조입니다.\n\n5. 피팅 바디(2)의 튜브 종단이 그림 1-28과 같을 경우(ㄱ자 형이든 일자형이든 무관함)에는 튜브를 연결하기 전에 슬리브를 장착합니다.\n\n알림: 일자형 피팅의 연결부에는 피팅 종단에 있는 육각형 바디가 잠금너트의 기능을 합니다. 이러한 유형의 피팅을 설치하려면 연결할 부품의 종단 면이 피팅의 육각형 바디까지 맞닿도록 조입니다."", ""table"": []}"
doosan-manual-37,doosan,D20/25/30/33S(SE)_7,manual,doosan_manual.pdf,42,분해 조립 지침,"{""text"": ""기타 유형의 피팅 조임\n\n• 고강도(Shear Sleeve) 튜브 피팅: 튜브를 너트 안으로 밀어 넣어 피팅 바디 안 튜브 슬리브에 닿게 한 후, 렌치를 이용하여 토크가 약간 감소했다는 느낌을 받을 때까지 너트를 돌립니다. 이러한 느낌은 슬리브가 너트에서 분리되었음을 가리킵니다. 토크가 돌아가지 않도록 불잡고 너트를 1-1/2 바퀴 조입니다.\n\n• 고밀봉 피팅: 튜브에 너트와 슬리브를 끼워 슬리브의 짧고 무거운 종단이 튜브의 끝과 맞닿게 합니다. 튜브 종단을 피팅 바디의 카운터보어(Counterbore)에 맞추고 너트를 바디 나사산의 끝까지 조입니다. 남은 공간은 피팅을 탈거하거나 재장착할 때 사용합니다.\n\n• Ermeto 튜브 피팅: 너트와 슬리브를 튜브에 끼우고 슬리브의 헤드나 숄더 종단이 너트에 인접하게 합니다. 튜브를 피팅 바디의 카운터보어(Counterbore)에 최대한 밀어 넣습니다. 튜브가 슬리브에 고정되어 움직이지 않을 때까지 너트를 시계방향으로 돌립니다. 너트를 1-1/4 바퀴 더 돌려서 슬리브를 안착시킵니다. 조립을 다시 해야 할 경우에는 튜브에 슬리브를 끼운 후 토크가 갑자기 증가했음이 느껴질 때까지 너트를 조입니다. 그런 다음 너트를 1/6~1/3 바퀴 더 돌려서 슬리브를 안착시킵니다.\n\n• 플랙서블 피팅: 너트와 슬리브를 튜브에 끼우고 튜브를 피팅 바디의 카운터보어(Counterbore)에 최대한 밀어 넣습니다. 너트를 피팅 종단에 있는 육각형 바디에 닿을 때까지 조입니다."", ""table"": []}"
doosan-manual-38,doosan,D20/25/30/33S(SE)_7,manual,doosan_manual.pdf,43,표준 토크,"{""text"": ""1-8 표준 토크\n\n1-8-1 볼트 및 너트 표준 토크\n\n파스너(Fastener) 사용 시에 미터식 규격과 인치식 규격을 혼용하지 않도록 주의하십시오. 서로 맞지 않는 파스너를 결합시키거나 파스너 결합 상태가 좋지 않으면 차량이 손상되거나 고장발생의 원인이 될 수 있으며 이로 인한 신체적 상해를 입을 수도 있습니다.\n\n아래 표준 토크의 예외 사항은 필요에 따라 별도 명시 또는 설명되어 있습니다.\n\n장치 조립 시 파스너를 사용하기 전에 정비 장소 근처에 두며, 볼트와 너트 나사산이 마모되거나 손상되지 않도록 주의합니다. 또한 부품들은 녹슬거나 부식이 발생하지 않도록 부식 방지용 클리너로 세척하고, 나사산과 베어링 표면에 엔진 오일을 발라두어야 합니다. 그리나 나사 고정제나 그 밖의 복합제를 필요로 하는 부분에는 엔진 오일을 바르지 마십시오.\n\n차량에서 풀어낸 파스너들은 잘 보관해두었다가 상태가 양호한 것은 재사용하십시오. 새 파스너가 필요하면 교체될 것과 동일한 치수와 등급을 선택하여 사용합니다.\n\n제품의 강도 식별은 그림 1-33과 같이 대부분 볼트머리에 표시된 숫자(8.8, 10.9 등)로 합니다. 다음의 표에는 그림 1-34과 같이 8.8 등급의 표준 및 테이퍼록 스터드 볼트와 너트에 맞는 표준 토크입니다"", ""table"": []}"
doosan-manual-39,doosan,D20/25/30/33S(SE)_7,manual,doosan_manual.pdf,44,표준 토크,"{""section1"":{""text"":""미터식 볼트 및 너트 토크 규격"",""table"":[{""나사 치수"":""M6"",""미터식 볼트 및 너트 규격(N·m)"":""12 ± 3"",""미터식 볼트 및 너트 규격(lb·ft)"":""9 ± 2"",""미터식 테이퍼록 스터드 규격(N·m)"":""8 ± 3"",""미터식 테이퍼록 스터드 규격(lb·ft)"":""6 ± 2""},{""나사 치수"":""M8"",""미터식 볼트 및 너트 규격(N·m)"":""28 ± 7"",""미터식 볼트 및 너트 규격(lb·ft)"":""20 ± 5"",""미터식 테이퍼록 스터드 규격(N·m)"":""17 ± 5"",""미터식 테이퍼록 스터드 규격(lb·ft)"":""13 ± 4""},{""나사 치수"":""M10"",""미터식 볼트 및 너트 규격(N·m)"":""55 ± 10"",""미터식 볼트 및 너트 규격(lb·ft)"":""40 ± 7"",""미터식 테이퍼록 스터드 규격(N·m)"":""35 ± 5"",""미터식 테이퍼록 스터드 규격(lb·ft)"":""26 ± 4""},{""나사 치수"":""M12"",""미터식 볼트 및 너트 규격(N·m)"":""100 ± 20"",""미터식 볼트 및 너트 규격(lb·ft)"":""75 ± 15"",""미터식 테이퍼록 스터드 규격(N·m)"":""65 ± 10"",""미터식 테이퍼록 스터드 규격(lb·ft)"":""48 ± 7""},{""나사 치수"":""M14"",""미터식 볼트 및 너트 규격(N·m)"":""160 ± 30"",""미터식 볼트 및 너트 규격(lb·ft)"":""120 ± 22"",""미터식 테이퍼록 스터드 규격(N·m)"":""-"",""미터식 테이퍼록 스터드 규격(lb·ft)"":""-""},{""나사 치수"":""M16"",""미터식 볼트 및 너트 규격(N·m)"":""240 ± 40"",""미터식 볼트 및 너트 규격(lb·ft)"":""175 ± 30"",""미터식 테이퍼록 스터드 규격(N·m)"":""110 ± 20"",""미터식 테이퍼록 스터드 규격(lb·ft)"":""80 ± 15""},{""나사 치수"":""M20"",""미터식 볼트 및 너트 규격(N·m)"":""460 ± 60"",""미터식 볼트 및 너트 규격(lb·ft)"":""340 ± 44"",""미터식 테이퍼록 스터드 규격(N·m)"":""170 ± 30"",""미터식 테이퍼록 스터드 규격(lb·ft)"":""125 ± 22""},{""나사 치수"":""M24"",""미터식 볼트 및 너트 규격(N·m)"":""800 ± 100"",""미터식 볼트 및 너트 규격(lb·ft)"":""600 ± 75"",""미터식 테이퍼록 스터드 규격(N·m)"":""400 ± 60"",""미터식 테이퍼록 스터드 규격(lb·ft)"":""300 ± 45""},{""나사 치수"":""M30"",""미터식 볼트 및 너트 규격(N·m)"":""1600 ± 200"",""미터식 볼트 및 너트 규격(lb·ft)"":""1200 ± 150"",""미터식 테이퍼록 스터드 규격(N·m)"":""650 ± 80"",""미터식 테이퍼록 스터드 규격(lb·ft)"":""480 ± 60""},{""나사 치수"":""M36"",""미터식 볼트 및 너트 규격(N·m)"":""2700 ± 300"",""미터식 볼트 및 너트 규격(lb·ft)"":""2000 ± 225"",""미터식 테이퍼록 스터드 규격(N·m)"":""870 ± 100"",""미터식 테이퍼록 스터드 규격(lb·ft)"":""640 ± 75""}]},""section2"":{""text"":""인치식 볼트 및 너트 토크 규격"",""table"":[{""나사 치수"":""1/4"",""인치식 볼트 및 너트 규격(N·m)"":""12 ± 3"",""인치식 볼트 및 너트 규격(lb·ft)"":""9 ± 2"",""인치식 테이퍼록 스터드 규격(N·m)"":""8 ± 3"",""인치식 테이퍼록 스터드 규격(lb·ft)"":""6 ± 2""},{""나사 치수"":""5/16"",""인치식 볼트 및 너트 규격(N·m)"":""25 ± 6"",""인치식 볼트 및 너트 규격(lb·ft)"":""18.0 ± 4.5"",""인치식 테이퍼록 스터드 규격(N·m)"":""17 ± 5"",""인치식 테이퍼록 스터드 규격(lb·ft)"":""13 ± 4""},{""나사 치수"":""3/8"",""인치식 볼트 및 너트 규격(N·m)"":""47 ± 9"",""인치식 볼트 및 너트 규격(lb·ft)"":""35 ± 7"",""인치식 테이퍼록 스터드 규격(N·m)"":""35 ± 5"",""인치식 테이퍼록 스터드 규격(lb·ft)"":""26 ± 4""},{""나사 치수"":""7/16"",""인치식 볼트 및 너트 규격(N·m)"":""70 ± 15"",""인치식 볼트 및 너트 규격(lb·ft)"":""50 ± 11"",""인치식 테이퍼록 스터드 규격(N·m)"":""45 ± 10"",""인치식 테이퍼록 스터드 규격(lb·ft)"":""33 ± 7""},{""나사 치수"":""1/2"",""인치식 볼트 및 너트 규격(N·m)"":""105 ± 20"",""인치식 볼트 및 너트 규격(lb·ft)"":""75 ± 15"",""인치식 테이퍼록 스터드 규격(N·m)"":""65 ± 10"",""인치식 테이퍼록 스터드 규격(lb·ft)"":""48 ± 7""},{""나사 치수"":""9/16"",""인치식 볼트 및 너트 규격(N·m)"":""160 ± 30"",""인치식 볼트 및 너트 규격(lb·ft)"":""120 ± 20"",""인치식 테이퍼록 스터드 규격(N·m)"":""-"",""인치식 테이퍼록 스터드 규격(lb·ft)"":""-""},{""나사 치수"":""5/8"",""인치식 볼트 및 너트 규격(N·m)"":""215 ± 40"",""인치식 볼트 및 너트 규격(lb·ft)"":""160 ± 30"",""인치식 테이퍼록 스터드 규격(N·m)"":""110 ± 20"",""인치식 테이퍼록 스터드 규격(lb·ft)"":""80 ± 15""},{""나사 치수"":""3/4"",""인치식 볼트 및 너트 규격(N·m)"":""370 ± 50"",""인치식 볼트 및 너트 규격(lb·ft)"":""275 ± 35"",""인치식 테이퍼록 스터드 규격(N·m)"":""170 ± 30"",""인치식 테이퍼록 스터드 규격(lb·ft)"":""125 ± 22""},{""나사 치수"":""7/8"",""인치식 볼트 및 너트 규격(N·m)"":""620 ± 80"",""인치식 볼트 및 너트 규격(lb·ft)"":""460 ± 60"",""인치식 테이퍼록 스터드 규격(N·m)"":""260 ± 40"",""인치식 테이퍼록 스터드 규격(lb·ft)"":""190 ± 30""},{""나사 치수"":""1"",""인치식 볼트 및 너트 규격(N·m)"":""900 ± 100"",""인치식 볼트 및 너트 규격(lb·ft)"":""660 ± 75"",""인치식 테이퍼록 스터드 규격(N·m)"":""400 ± 60"",""인치식 테이퍼록 스터드 규격(lb·ft)"":""300 ± 45""},{""나사 치수"":""1-1/8"",""인치식 볼트 및 너트 규격(N·m)"":""1300 ± 150"",""인치식 볼트 및 너트 규격(lb·ft)"":""950 ± 100"",""인치식 테이퍼록 스터드 규격(N·m)"":""500 ± 70"",""인치식 테이퍼록 스터드 규격(lb·ft)"":""370 ± 50""},{""나사 치수"":""1-1/4"",""인치식 볼트 및 너트 규격(N·m)"":""1800 ± 200"",""인치식 볼트 및 너트 규격(lb·ft)"":""1325 ± 150"",""인치식 테이퍼록 스터드 규격(N·m)"":""650 ± 80"",""인치식 테이퍼록 스터드 규격(lb·ft)"":""480 ± 60""},{""나사 치수"":""1-3/8"",""인치식 볼트 및 너트 규격(N·m)"":""2400 ± 300"",""인치식 볼트 및 너트 규격(lb·ft)"":""1800 ± 225"",""인치식 테이퍼록 스터드 규격(N·m)"":""750 ± 90"",""인치식 테이퍼록 스터드 규격(lb·ft)"":""550 ± 65""},{""나사 치수"":""1-1/2"",""인치식 볼트 및 너트 규격(N·m)"":""3100 ± 350"",""인치식 볼트 및 너트 규격(lb·ft)"":""2300 ± 250"",""인치식 테이퍼록 스터드 규격(N·m)"":""870 ± 100"",""인치식 테이퍼록 스터드 규격(lb·ft)"":""640 ± 75""}]},""section3"":{""text"":""주) 1N·m는 약 0.1kg·m와 같습니다.""}}"
doosan-manual-40,doosan,D20/25/30/33S(SE)_7,manual,doosan_manual.pdf,45,표준 토크,"{""section1"":{""text"":""1-8-2 피팅 조임 표준 토크"",""table"":[{""나사 치수"":""5/16-24"",""평행 나사형 O링 페이스시일 피팅(N·m)"":""5.0 ± 1.5"",""평행 나사형 O링 페이스시일 피팅(lb·ft)"":""45 ± 15""},{""나사 치수"":""3/8-24"",""평행 나사형 O링 페이스시일 피팅(N·m)"":""12 ± 2"",""평행 나사형 O링 페이스시일 피팅(lb·ft)"":""110 ± 20""},{""나사 치수"":""7-16-20"",""평행 나사형 O링 페이스시일 피팅(N·m)"":""20 ± 4"",""평행 나사형 O링 페이스시일 피팅(lb·ft)"":""15 ± 3""},{""나사 치수"":""1/2-20"",""평행 나사형 O링 페이스시일 피팅(N·m)"":""40 ± 5"",""평행 나사형 O링 페이스시일 피팅(lb·ft)"":""30 ± 4""},{""나사 치수"":""9/16-18"",""평행 나사형 O링 페이스시일 피팅(N·m)"":""40 ± 5"",""평행 나사형 O링 페이스시일 피팅(lb·ft)"":""30 ± 4""},{""나사 치수"":""3/4-16"",""평행 나사형 O링 페이스시일 피팅(N·m)"":""100 ± 15"",""평행 나사형 O링 페이스시일 피팅(lb·ft)"":""75 ± 10""},{""나사 치수"":""7/8-14"",""평행 나사형 O링 페이스시일 피팅(N·m)"":""135 ± 15"",""평행 나사형 O링 페이스시일 피팅(lb·ft)"":""100 ± 10""},{""나사 치수"":""1 1/16-12"",""평행 나사형 O링 페이스시일 피팅(N·m)"":""200 ± 25"",""평행 나사형 O링 페이스시일 피팅(lb·ft)"":""150 ± 20""},{""나사 치수"":""1 3/16-12"",""평행 나사형 O링 페이스시일 피팅(N·m)"":""250 ± 25"",""평행 나사형 O링 페이스시일 피팅(lb·ft)"":""185 ± 20""},{""나사 치수"":""1 5/16-12"",""평행 나사형 O링 페이스시일 피팅(N·m)"":""300 ± 40"",""평행 나사형 O링 페이스시일 피팅(lb·ft)"":""225 ± 30""},{""나사 치수"":""1 5/8-12"",""평행 나사형 O링 페이스시일 피팅(N·m)"":""300 ± 40"",""평행 나사형 O링 페이스시일 피팅(lb·ft)"":""225 ± 30""},{""나사 치수"":""1 7/8-12"",""평행 나사형 O링 페이스시일 피팅(N·m)"":""300 ± 40"",""평행 나사형 O링 페이스시일 피팅(lb·ft)"":""225 ± 30""},{""나사 치수"":""2 1/2-12"",""평행 나사형 O링 페이스시일 피팅(N·m)"":""300 ± 40"",""평행 나사형 O링 페이스시일 피팅(lb·ft)"":""225 ± 30""}]},""section2"":{""text"":""O링 페이스시일 피팅 너트"",""table"":[{""나사 치수"":""9/16-18"",""O링 페이스시일 피팅 너트(N·m)"":""16 ± 3"",""O링 페이스시일 피팅 너트(lb·ft)"":""12 ± 2""},{""나사 치수"":""11/16-16"",""O링 페이스시일 피팅 너트(N·m)"":""30 ± 4"",""O링 페이스시일 피팅 너트(lb·ft)"":""22 ± 3""},{""나사 치수"":""13/16-16"",""O링 페이스시일 피팅 너트(N·m)"":""50 ± 7"",""O링 페이스시일 피팅 너트(lb·ft)"":""37 ± 5""},{""나사 치수"":""1-14"",""O링 페이스시일 피팅 너트(N·m)"":""90 ± 10"",""O링 페이스시일 피팅 너트(lb·ft)"":""65 ± 7""},{""나사 치수"":""1 3/16-12"",""O링 페이스시일 피팅 너트(N·m)"":""120 ± 15"",""O링 페이스시일 피팅 너트(lb·ft)"":""90 ± 10""},{""나사 치수"":""1 7/16-12"",""O링 페이스시일 피팅 너트(N·m)"":""160 ± 20"",""O링 페이스시일 피팅 너트(lb·ft)"":""120 ± 15""},{""나사 치수"":""1 11/16-12"",""O링 페이스시일 피팅 너트(N·m)"":""190 ± 20"",""O링 페이스시일 피팅 너트(lb·ft)"":""140 ± 15""},{""나사 치수"":""2-12"",""O링 페이스시일 피팅 너트(N·m)"":""215 ± 25"",""O링 페이스시일 피팅 너트(lb·ft)"":""160 ± 20""}]},""section3"":{""text"":""호스 클램프 밴드 타입의 표준 토크\n\n다음은 포스 클램프의 조기 설치 및 기존 호스에 재조립할 경우의 표준 토크 값입니다."",""table"":[{""클램프 폭"":""7.9 mm (0.312 in)"",""새 호스 조기 설치 시 토크(N·m)"":""0.9 ± 0.2"",""새 호스 조기 설치 시 토크(lb·in)"":""8 ± 2"",""기존 호스 재조립 시 토크(N·m)"":""0.7 ± 0.2"",""기존 호스 재조립 시 토크(lb·in)"":""6 ± 2""},{""클램프 폭"":""13.5 mm (0.531 in)"",""새 호스 조기 설치 시 토크(N·m)"":""4.5 ± 0.5"",""새 호스 조기 설치 시 토크(lb·in)"":""40 ± 5"",""기존 호스 재조립 시 토크(N·m)"":""3.0 ± 0.5"",""기존 호스 재조립 시 토크(lb·in)"":""25 ± 5""},{""클램프 폭"":""15.9 mm (0.625 in)"",""새 호스 조기 설치 시 토크(N·m)"":""7.5 ± 0.5"",""새 호스 조기 설치 시 토크(lb·in)"":""65 ± 5"",""기존 호스 재조립 시 토크(N·m)"":""4.5 ± 0.5"",""기존 호스 재조립 시 토크(lb·in)"":""40 ± 5""}]}}"
doosan-manual-41,doosan,D20/25/30/33S(SE)_7,manual,doosan_manual.pdf,46,표준 토크,"{""text"":""37° 플레어 및 평행 나사형 O링 피팅의 표준 토크"",""table"":[{""공칭 튜브 외경(Metric)"":""3.18"",""공칭 튜브 외경(Inch)"":""0.125"",""나사 치수"":""5/16"",""표준 토크(N·m)"":""5.0 ± 1.5"",""표준 토크(lb·ft)"":""4 ± 1""},{""공칭 튜브 외경(Metric)"":""4.76"",""공칭 튜브 외경(Inch)"":""0.188"",""나사 치수"":""3/8"",""표준 토크(N·m)"":""11.0 ± 1.5"",""표준 토크(lb·ft)"":""8 ± 1""},{""공칭 튜브 외경(Metric)"":""6.35"",""공칭 튜브 외경(Inch)"":""0.250"",""나사 치수"":""7/16"",""표준 토크(N·m)"":""16 ± 2"",""표준 토크(lb·ft)"":""12 ± 1""},{""공칭 튜브 외경(Metric)"":""7.94"",""공칭 튜브 외경(Inch)"":""0.312"",""나사 치수"":""1/2"",""표준 토크(N·m)"":""20 ± 5"",""표준 토크(lb·ft)"":""15 ± 4""},{""공칭 튜브 외경(Metric)"":""9.52"",""공칭 튜브 외경(Inch)"":""0.375"",""나사 치수"":""9/16"",""표준 토크(N·m)"":""25 ± 5"",""표준 토크(lb·ft)"":""18 ± 4""},{""공칭 튜브 외경(Metric)"":""9.52"",""공칭 튜브 외경(Inch)"":""0.375"",""나사 치수"":""5/8"",""표준 토크(N·m)"":""35 ± 5"",""표준 토크(lb·ft)"":""26 ± 4""},{""공칭 튜브 외경(Metric)"":""12.70"",""공칭 튜브 외경(Inch)"":""0.500"",""나사 치수"":""3/4"",""표준 토크(N·m)"":""50 ± 7"",""표준 토크(lb·ft)"":""37 ± 5""},{""공칭 튜브 외경(Metric)"":""15.88"",""공칭 튜브 외경(Inch)"":""0.625"",""나사 치수"":""7/8"",""표준 토크(N·m)"":""65 ± 7"",""표준 토크(lb·ft)"":""48 ± 5""},{""공칭 튜브 외경(Metric)"":""19.05"",""공칭 튜브 외경(Inch)"":""0.750"",""나사 치수"":""1-1/16"",""표준 토크(N·m)"":""100 ± 10"",""표준 토크(lb·ft)"":""75 ± 7""},{""공칭 튜브 외경(Metric)"":""22.22"",""공칭 튜브 외경(Inch)"":""0.875"",""나사 치수"":""1-3/16"",""표준 토크(N·m)"":""120 ± 10"",""표준 토크(lb·ft)"":""90 ± 7""},{""공칭 튜브 외경(Metric)"":""25.40"",""공칭 튜브 외경(Inch)"":""1.000"",""나사 치수"":""1-5/16"",""표준 토크(N·m)"":""135 ± 15"",""표준 토크(lb·ft)"":""100 ± 11""},{""공칭 튜브 외경(Metric)"":""31.75"",""공칭 튜브 외경(Inch)"":""1.250"",""나사 치수"":""1-5/8"",""표준 토크(N·m)"":""180 ± 15"",""표준 토크(lb·ft)"":""135 ± 11""},{""공칭 튜브 외경(Metric)"":""38.10"",""공칭 튜브 외경(Inch)"":""1.500"",""나사 치수"":""1-7/8"",""표준 토크(N·m)"":""225 ± 15"",""표준 토크(lb·ft)"":""165 ± 11""},{""공칭 튜브 외경(Metric)"":""50.80"",""공칭 튜브 외경(Inch)"":""2.000"",""나사 치수"":""2-1/2"",""표준 토크(N·m)"":""320 ± 30"",""표준 토크(lb·ft)"":""240 ± 22""}]}"
doosan-manual-42,doosan,D20/25/30/33S(SE)_7,manual,doosan_manual.pdf,47,표준 토크,"{""text"":""45° 플레어 및 45° 인버티드 플레어 피팅의 표준 토크"",""table"":[{""공칭 튜브 외경(Metric)"":""3.18"",""공칭 튜브 외경(Inch)"":""0.125"",""나사 치수"":""5/16"",""표준 토크(N·m)"":""5.0 ± 1.5"",""표준 토크(lb·ft)"":""4 ± 1""},{""공칭 튜브 외경(Metric)"":""4.76"",""공칭 튜브 외경(Inch)"":""0.188"",""나사 치수"":""3/8"",""표준 토크(N·m)"":""8.0 ± 1.5"",""표준 토크(lb·ft)"":""6 ± 1""},{""공칭 튜브 외경(Metric)"":""6.35"",""공칭 튜브 외경(Inch)"":""0.250"",""나사 치수"":""7/16"",""표준 토크(N·m)"":""11 ± 2"",""표준 토크(lb·ft)"":""8 ± 1""},{""공칭 튜브 외경(Metric)"":""7.94"",""공칭 튜브 외경(Inch)"":""0.312"",""나사 치수"":""1/2"",""표준 토크(N·m)"":""17 ± 3"",""표준 토크(lb·ft)"":""13 ± 2""},{""공칭 튜브 외경(Metric)"":""9.52"",""공칭 튜브 외경(Inch)"":""0.375"",""나사 치수"":""5/8"",""표준 토크(N·m)"":""30 ± 3"",""표준 토크(lb·ft)"":""22 ± 4""},{""공칭 튜브 외경(Metric)"":""11.11"",""공칭 튜브 외경(Inch)"":""0.438"",""나사 치수"":""11/16"",""표준 토크(N·m)"":""30 ± 3"",""표준 토크(lb·ft)"":""22 ± 2""},{""공칭 튜브 외경(Metric)"":""12.70"",""공칭 튜브 외경(Inch)"":""0.500"",""나사 치수"":""3/4"",""표준 토크(N·m)"":""38 ± 4"",""표준 토크(lb·ft)"":""28 ± 3""},{""공칭 튜브 외경(Metric)"":""15.88"",""공칭 튜브 외경(Inch)"":""0.625"",""나사 치수"":""7/8"",""표준 토크(N·m)"":""50 ± 5"",""표준 토크(lb·ft)"":""37 ± 4""},{""공칭 튜브 외경(Metric)"":""19.05"",""공칭 튜브 외경(Inch)"":""0.750"",""나사 치수"":""1-1/16"",""표준 토크(N·m)"":""90 ± 8"",""표준 토크(lb·ft)"":""65 ± 6""},{""공칭 튜브 외경(Metric)"":""22.22"",""공칭 튜브 외경(Inch)"":""0.875"",""나사 치수"":""1-1/4"",""표준 토크(N·m)"":""100 ± 10"",""표준 토크(lb·ft)"":""75 ± 7""}]}"
doosan-manual-43,doosan,D20/25/30/33S(SE)_7,manual,doosan_manual.pdf,48,표준 토크,"{""section1"":{""text"":""공조형 파이프 나사형 피팅 표준 토크"",""table"":[{""나사 치수(inch)"":""5/8-18"",""O링 피팅 종단(N·m)"":""18 ± 4"",""O링 피팅 종단(lb·ft)"":""13 ± 3"",""45° 플레어 피팅 종단(강철 튜브)(N·m)"":""30 ± 3"",""45° 플레어 피팅 종단(강철 튜브)(lb·ft)"":""22 ± 2"",""45° 플레어 피팅 종단(알루미늄 튜브)(N·m)"":""23 ± 3"",""45° 플레어 피팅 종단(알루미늄 튜브)(lb·ft)"":""17 ± 2""},{""나사 치수(inch)"":""3/4-16"",""O링 피팅 종단(N·m)"":""37 ± 4"",""O링 피팅 종단(lb·ft)"":""27 ± 3"",""45° 플레어 피팅 종단(강철 튜브)(N·m)"":""52 ± 5"",""45° 플레어 피팅 종단(강철 튜브)(lb·ft)"":""38 ± 4"",""45° 플레어 피팅 종단(알루미늄 튜브)(N·m)"":""33 ± 4"",""45° 플레어 피팅 종단(알루미늄 튜브)(lb·ft)"":""24 ± 3""},{""나사 치수(inch)"":""7/8-14"",""O링 피팅 종단(N·m)"":""40 ± 4"",""O링 피팅 종단(lb·ft)"":""30 ± 3"",""45° 플레어 피팅 종단(강철 튜브)(N·m)"":""60 ± 7"",""45° 플레어 피팅 종단(강철 튜브)(lb·ft)"":""44 ± 5"",""45° 플레어 피팅 종단(알루미늄 튜브)(N·m)"":""38 ± 4"",""45° 플레어 피팅 종단(알루미늄 튜브)(lb·ft)"":""28 ± 3""},{""나사 치수(inch)"":""1 1/16-14"",""O링 피팅 종단(N·m)"":""45 ± 5"",""O링 피팅 종단(lb·ft)"":""33 ± 4"",""45° 플레어 피팅 종단(강철 튜브)(N·m)"":""75 ± 8"",""45° 플레어 피팅 종단(강철 튜브)(lb·ft)"":""55 ± 6"",""45° 플레어 피팅 종단(알루미늄 튜브)(N·m)"":""50 ± 5"",""45° 플레어 피팅 종단(알루미늄 튜브)(lb·ft)"":""37 ± 4""}]},""section2"":{""text"":""테이퍼 파이프 나사형 피팅 표준 토크"",""table"":[{""나사 치수(inch)"":""1/16-27"",""실링재(1e2200e) 사용 나사(N·m)"":""15"",""실링재(1e2200e) 사용 나사(lb·ft)"":""11"",""실링재 미사용 나사(N·m)"":""20"",""실링재 미사용 나사(lb·ft)"":""15""},{""나사 치수(inch)"":""1/8-27"",""실링재(1e2200e) 사용 나사(N·m)"":""20"",""실링재(1e2200e) 사용 나사(lb·ft)"":""15"",""실링재 미사용 나사(N·m)"":""25"",""실링재 미사용 나사(lb·ft)"":""18""},{""나사 치수(inch)"":""1-14-18"",""실링재(1e2200e) 사용 나사(N·m)"":""25"",""실링재(1e2200e) 사용 나사(lb·ft)"":""18"",""실링재 미사용 나사(N·m)"":""35"",""실링재 미사용 나사(lb·ft)"":""26""},{""나사 치수(inch)"":""3/8-18"",""실링재(1e2200e) 사용 나사(N·m)"":""35"",""실링재(1e2200e) 사용 나사(lb·ft)"":""26"",""실링재 미사용 나사(N·m)"":""45"",""실링재 미사용 나사(lb·ft)"":""33""},{""나사 치수(inch)"":""1/2-14"",""실링재(1e2200e) 사용 나사(N·m)"":""45"",""실링재(1e2200e) 사용 나사(lb·ft)"":""33"",""실링재 미사용 나사(N·m)"":""60"",""실링재 미사용 나사(lb·ft)"":""45""},{""나사 치수(inch)"":""3/4-14"",""실링재(1e2200e) 사용 나사(N·m)"":""60"",""실링재(1e2200e) 사용 나사(lb·ft)"":""45"",""실링재 미사용 나사(N·m)"":""75"",""실링재 미사용 나사(lb·ft)"":""55""},{""나사 치수(inch)"":""1-11 1/2"",""실링재(1e2200e) 사용 나사(N·m)"":""75"",""실링재(1e2200e) 사용 나사(lb·ft)"":""55"",""실링재 미사용 나사(N·m)"":""90"",""실링재 미사용 나사(lb·ft)"":""65""},{""나사 치수(inch)"":""1 1/4-11 1/2"",""실링재(1e2200e) 사용 나사(N·m)"":""95"",""실링재(1e2200e) 사용 나사(lb·ft)"":""70"",""실링재 미사용 나사(N·m)"":""110"",""실링재 미사용 나사(lb·ft)"":""80""},{""나사 치수(inch)"":""1 1/2-11 1/2"",""실링재(1e2200e) 사용 나사(N·m)"":""110"",""실링재(1e2200e) 사용 나사(lb·ft)"":""80"",""실링재 미사용 나사(N·m)"":""130"",""실링재 미사용 나사(lb·ft)"":""95""},{""나사 치수(inch)"":""2-11 1/2"",""실링재(1e2200e) 사용 나사(N·m)"":""130"",""실링재(1e2200e) 사용 나사(lb·ft)"":""95"",""실링재 미사용 나사(N·m)"":""160"",""실링재 미사용 나사(lb·ft)"":""120""}]}}"
doosan-manual-44,doosan,D20/25/30/33S(SE)_7,manual,doosan_manual.pdf,365,D20/25/30/33S(SE)-7 (유압 회로도) : D500093,"{""text"": ""D20/25/30/33S(SE)-7 (유압 회로도) : D500093"", ""table"": []}"
doosan-manual-45,doosan,D20/25/30/33S(SE)_7,manual,doosan_manual.pdf,366,"D20/25/30/33S(SE)-7 TIER-4 (G2, D24) (전기 회로도) : 600123-00120","{""text"": ""D20/25/30/33S(SE)-7 TIER-4 (G2, D24) (전기 회로도) : 600123-00120"", ""table"": []}"
doosan-manual-46,doosan,D20/25/30/33S(SE)_7,manual,doosan_manual.pdf,367,"D20/25/30/33S(SE)-7 TIER-4 (G2, D24) (전기 회로도) : 600123-00120 (1/4)","{""text"": ""D20/25/30/33S(SE)-7 TIER-4 (G2, D24) (전기 회로도) : 600123-00120 (1/4)"", ""table"": []}"
doosan-manual-47,doosan,D20/25/30/33S(SE)_7,manual,doosan_manual.pdf,368,"D20/25/30/33S(SE)-7 TIER-4 (G2, D24) (전기 회로도) : 600123-00120 (2/4)","{""text"": ""D20/25/30/33S(SE)-7 TIER-4 (G2, D24) (전기 회로도) : 600123-00120 (2/4)"", ""table"": []}"
doosan-manual-48,doosan,D20/25/30/33S(SE)_7,manual,doosan_manual.pdf,369,"D20/25/30/33S(SE)-7 TIER-4 (G2, D24) (전기 회로도) : 600123-00120 (3/4)","{""text"": ""D20/25/30/33S(SE)-7 TIER-4 (G2, D24) (전기 회로도) : 600123-00120 (3/4)"", ""table"": []}"
doosan-manual-49,doosan,D20/25/30/33S(SE)_7,manual,doosan_manual.pdf,370,"D20/25/30/33S(SE)-7 TIER-4 (G2, D24) (전기 회로도) : 600123-00120 (4/4)","{""text"": ""D20/25/30/33S(SE)-7 TIER-4 (G2, D24) (전기 회로도) : 600123-00120 (4/4)"", ""table"": []}"
